['W3-2B-2<W3-2-02>', 'arima', 0.53048914712078099]
['W3-2B-2<W3-2-02>', 'ffnn', 80.516315789473694]
['EC-2A-6<EC-2-06>', 'arima', 19.291967766073952]
['EC-2A-6<EC-2-06>', 'ffnn', 1701.5710526315786]
['T1-1H<T1-1H-5>', 'arima', 12.41181759927948]
['T1-1H<T1-1H-5>', 'ffnn', 84.381578947368425]
['EC-2C-10<EC-1-18>', 'arima', 0.81383155947099584]
['W3-2B-3<W3-2-03>', 'arima', 4.7680784557709002]
['EC-2C-10<EC-1-18>', 'ffnn', 39.504210263933324]
['W3-2B-3<W3-2-03>', 'ffnn', 194.57601430117217]
['E1-1A-1<E1-1-01>', 'arima', 17.255206700128653]
['E1-1A-1<E1-1-01>', 'ffnn', 3155.2484210526322]
['T1-3A-12<T1-3-03>', 'arima', 29.824821994101619]
['T1-3A-12<T1-3-03>', 'ffnn', 239.63894736842113]
['EC-2C-11<EC-1-20>', 'arima', 6.1964035911243824]
['T1-3A-13<T1-3-02>', 'arima', 10.212614850271123]
['W3-3A-10<W3-3-10>', 'arima', 2.9070466785037858]
['E1-1A-2<E1-1-02>', 'arima', 16.734710621275308]
['E1-1A-2<E1-1-02>', 'ffnn', 1908.0574582874301]
['E1-1A-3<E1-1-03>', 'arima', 68.412539329137601]
['EC-2C-11<EC-1-20>', 'ffnn', 3.3527788151830444]
['T1-3A-13<T1-3-02>', 'ffnn', 8.7259331071603725]
['W3-3A-10<W3-3-10>', 'ffnn', 3.0960985695458589]
['EC-2C-12<EC-1-22>', 'arima', 27.156562595294741]
['T1-3A-14<T1-3-01>', 'arima', 28.680961906284509]
['W3-3A-11<W3-3-11>', 'arima', 30.916737825645992]
['E1-1A-3<E1-1-03>', 'ffnn', 32.967728511488048]
['E1-1A-4<E1-1-04>', 'arima', 25.776554774151982]
['EC-2C-12<EC-1-22>', 'ffnn', 58.28743338391984]
['T1-3A-14<T1-3-01>', 'ffnn', 32.882967233398091]
['EC-2C-1<EC-2-17>', 'arima', 1.642342866051087]
['W3-3A-11<W3-3-11>', 'ffnn', 18.72321269338288]
['T1-3A-1<T1-1-06>', 'arima', 1.1908801961272864]
['E1-1A-4<E1-1-04>', 'ffnn', 22.557830489217285]
['W3-3A-12<W3-3-12>', 'arima', 5.911052766756808]
['EC-2C-1<EC-2-17>', 'ffnn', 2.1818636541195024]
['E1-1A-5<E1-1-05>', 'arima', 3.7614741282700619]
['T1-3A-1<T1-1-06>', 'ffnn', 1.079056175847485]
['T1-3A-2<T1-1-07>', 'arima', 4.4344025003909309]
['EC-2C-2<EC-2-16>', 'arima', 6.2232339322127856]
['T1-3A-2<T1-1-07>', 'ffnn', 48.363684210526323]
['EC-2C-2<EC-2-16>', 'ffnn', 1093.8647368421052]
['W3-3A-12<W3-3-12>', 'ffnn', 5.3982066477853747]
['EC-2C-3<EC-2-15>', 'arima', 0.55307923950564342]
['E1-1A-5<E1-1-05>', 'ffnn', 3.9943620098061778]
['W3-3A-13<W3-3-13>', 'arima', 28.73451747639777]
['W3-3A-13<W3-3-13>', 'ffnn', 1160.9321052631578]
['T1-3A-3<T1-3-06>', 'arima', 18.673496933404124]
['T1-3A-3<T1-3-06>', 'ffnn', 135.56105263157897]
['E1-1A-6<E1-1-06>', 'arima', 12.045301221971499]
['E1-1A-6<E1-1-06>', 'ffnn', 255.23894736842109]
['T1-3A-4<T1-3-05>', 'arima', 1.1139729556062508]
['T1-3A-4<T1-3-05>', 'ffnn', 24.057368421052317]
['E1-2A<E1-2-07>', 'arima', 0.23165502150925962]
['E1-2A<E1-2-07>', 'ffnn', 11.266842105263157]
['W3-3A-14<W3-3-14>', 'arima', 0.99880474915155637]
['W3-3A-14<W3-3-14>', 'ffnn', 325.9926315789474]
['E1-2A<E1-2-09>', 'arima', 1.4374914165624155]
['EC-2C-3<EC-2-15>', 'ffnn', 0.45680565653560801]
['T1-3A-6<T1-3-08>', 'arima', 0.95628162491881541]
['T1-3A-6<T1-3-08>', 'ffnn', 246.01368421052629]
['EC-2C-4<EC-2-14>', 'arima', 0.39373660738839361]
['W3-3A-15<W3-3-15>', 'arima', 3.4482404256514783]
['W3-3A-15<W3-3-15>', 'ffnn', 103.06052631578949]
['T1-3A-7<T1-3-07>', 'arima', 6.7018791471160339]
['W3-3A-16<W3-3-16>', 'arima', 5.6537828326269333]
['T1-3A-7<T1-3-07>', 'ffnn', 82.42263157894736]
['W3-3A-16<W3-3-16>', 'ffnn', 191.03578947368428]
['E1-2A<E1-2-09>', 'ffnn', 1.3056860222170361]
['T1-3A-9<T1-3-09>', 'arima', 2.5191293606516076]
['EC-2C-4<EC-2-14>', 'ffnn', 0.46867749382350182]
['W3-3A-17<W3-3-17>', 'arima', 5.0397984625853045]
['W3-3A-17<W3-3-17>', 'ffnn', 48.71736842105264]
['E1-2A<E1-2-10>', 'arima', 13.705050786751897]
['EC-2C-5<EC-2-18>', 'arima', 10.444108612391137]
['EC-2C-5<EC-2-18>', 'ffnn', 242.20578947368429]
['EC-2C-7<EC-2-20>', 'arima', 2.8663637634220138]
['EC-2C-7<EC-2-20>', 'ffnn', 20.484736842105264]
['T1-3A-9<T1-3-09>', 'ffnn', 1.1151649765449709]
['W3-3A-1<W3-3-01>', 'arima', 3.1107709204446614]
['EC-2C-8<EC-1-21>', 'arima', 2.9679138339801927]
['T1-3B-1<T1-3-10>', 'arima', 2.422890017382767]
['E1-2A<E1-2-10>', 'ffnn', 6.7487588240850647]
['E1-2A<E1-2-11>', 'arima', 4.1819268584005611]
['E1-2A<E1-2-11>', 'ffnn', 58.191052631578941]
['W3-3A-1<W3-3-01>', 'ffnn', 2.591799821818308]
['EC-2C-8<EC-1-21>', 'ffnn', 0.82078694476176317]
['E1-2A<E1-2A-02>', 'arima', 0.41868082783490551]
['W3-3A-2<W3-3-02>', 'arima', 23.322249054758458]
['T1-3B-1<T1-3-10>', 'ffnn', 1.3026537053321137]
['EC-2C-9<EC-1-19>', 'arima', 40.978760848031612]
['T1-3B-2<T1-3-14>', 'arima', 3.9300860673500191]
['E1-2A<E1-2A-02>', 'ffnn', 0.43155492275754098]
['W3-3A-2<W3-3-02>', 'ffnn', 30.916717947566159]
['E1-2A<E1-2A-06>', 'arima', 0.88660920630407281]
['EC-2C-9<EC-1-19>', 'ffnn', 27.217007066578564]
['T1-3B-2<T1-3-14>', 'ffnn', 1.6243005356792732]
['W3-3A-3<W3-3-03>', 'arima', 5.2082899434583574]
['EC-2D-1<EC-2-21>', 'arima', 0.90468513079926483]
['T1-3B-3<T1-3-11>', 'arima', 1.6736495152261348]
['E1-2A<E1-2A-06>', 'ffnn', 0.78640786201813351]
['W3-3A-3<W3-3-03>', 'ffnn', 5.2649044659714619]
['E1-2B<E1-2-04>', 'arima', 2.8385213825635511]
['EC-2D-1<EC-2-21>', 'ffnn', 0.89283604917251436]
['T1-3B-3<T1-3-11>', 'ffnn', 3.079881664128127]
['W3-3A-4<W3-3-04>', 'arima', 5.8633426109961215]
['T1-3B-4<T1-3-15>', 'arima', 1.6203979652859986]
['T1-3B-4<T1-3-15>', 'ffnn', 42.423157894736832]
['EC-2D-2<EC-2-22>', 'arima', 0.27834560402007913]
['T1-3B-5<T1-3-12>', 'arima', 2.346451375258686]
['E1-2B<E1-2-04>', 'ffnn', 1.9044796465400478]
['W3-3A-4<W3-3-04>', 'ffnn', 8.3534600746321015]
['E1-2B<E1-2B-02>', 'arima', 0.73331150895616404]
['W3-3A-5<W3-3-05>', 'arima', 14.455084197081506]
['W3-3A-5<W3-3-05>', 'ffnn', 87.743157894736839]
['EC-2D-2<EC-2-22>', 'ffnn', 0.1360369782840509]
['T1-3B-5<T1-3-12>', 'ffnn', 1.9333216746010404]
['W3-3A-6<W3-3-06>', 'arima', 7.7146747225457943]
['T1-3C-1<T1-3-17>', 'arima', 12.994498086675641]
['T1-3C-1<T1-3-17>', 'ffnn', 379.96842105263153]
['EC-2D-3<EC-2-23>', 'arima', 1.2062213537477675]
['E1-2B<E1-2B-02>', 'ffnn', 0.84129584293754289]
['EC-2D-3<EC-2-23>', 'ffnn', 31.528366922675762]
['EC-2D-4<EC-2-24>', 'arima', 0.3726088537987744]
['E1-2B<E1-2B-03>', 'arima', 2.0085864293814986]
['E1-2B<E1-2B-03>', 'ffnn', 53.096315789473671]
['T1-3C-2<T1-3-19>', 'arima', 0.23448851507109]
['T1-3C-2<T1-3-19>', 'ffnn', 207.35631578947365]
['W3-3A-6<W3-3-06>', 'ffnn', 4.5456654117199626]
['E1-2C<E1-2-02>', 'arima', 3.6503315498750535]
['T1-3C-3<T1-3-20>', 'arima', 2.1160261627848884]
['W3-3A-7<W3-3-07>', 'arima', 1.1146799760582689]
['W3-3A-7<W3-3-07>', 'ffnn', 24.750526154332352]
['EC-2D-4<EC-2-24>', 'ffnn', 0.36178080640837146]
['EC-2E-1<EC-2-32>', 'arima', 2.125124386696327]
['EC-2E-1<EC-2-32>', 'ffnn', 107.37052631578949]
['W3-3A-8<W3-3-08>', 'arima', 5.769508284370553]
['W3-3A-8<W3-3-08>', 'ffnn', 122.05210526315788]
['E1-2C<E1-2-02>', 'ffnn', 11.867088728544495]
['T1-3C-3<T1-3-20>', 'ffnn', 0.57453086304737466]
['W3-3A-9<W3-3-09>', 'arima', 15.454237905087469]
['EC-2E-2<EC-2-31>', 'arima', 0.48037762321733829]
['EC-2E-2<EC-2-31>', 'ffnn', 12.407894736842106]
['E1-2C<E1-2-03>', 'arima', 1.666268164179586]
['E1-2C<E1-2-03>', 'ffnn', 93.896842105263161]
['EC-2E-3<EC-2-28>', 'arima', 0.12663806417718904]
['T1-3C-5<T1-3-18>', 'arima', 6.0662909092345485]
['E1-2C<E1-2C-01>', 'arima', 28.372817509999848]
['E1-2C<E1-2C-01>', 'ffnn', 297.58421052631581]
['EC-2E-3<EC-2-28>', 'ffnn', 0.15087535699431248]
['W3-3A-9<W3-3-09>', 'ffnn', 13.261562357596578]
['E1-3A<E1-3-01>', 'arima', 2.566976983435302]
['EC-2E-4<EC-2-30>', 'arima', 0.67229501732094998]
['T1-3C-5<T1-3-18>', 'ffnn', 0.85627437309176158]
['W3-3B-10<W3-3-27>', 'arima', 19.612621825323302]
['T1-3D-1<T1-3-26>', 'arima', 0.95571724484036746]
['E1-3A<E1-3-01>', 'ffnn', 2.3793535876352299]
['EC-2E-4<EC-2-30>', 'ffnn', 0.50192441628639672]
['W3-3B-10<W3-3-27>', 'ffnn', 27.852282339737755]
['E1-3A<E1-3-02>', 'arima', 7.4355504059335651]
['W3-3B-11<W3-3-28>', 'arima', 25.219168211761755]
['T1-3D-1<T1-3-26>', 'ffnn', 0.45702065293682187]
['EC-2E-5<EC-2-29>', 'arima', 0.24989178983362592]
['T1-3D-2<T1-3-31>', 'arima', 1.9390406354551988]
['E1-3A<E1-3-02>', 'ffnn', 13.049534096666006]
['W3-3B-11<W3-3-28>', 'ffnn', 14.999862608894743]
['EC-2E-5<EC-2-29>', 'ffnn', 0.39659420418146923]
['W3-3B-1<W3-3-18>', 'arima', 5.5125910474042659]
['E1-3A<E1-3-03>', 'arima', 26.553752135266567]
['T1-3D-2<T1-3-31>', 'ffnn', 2.3421872728251256]
['EC-2E-6<EC-2-33>', 'arima', 1.3421426638949356]
['T1-3D-3<T1-3-27>', 'arima', 1.7871167901383977]
['W3-3B-1<W3-3-18>', 'ffnn', 6.1575896625452939]
['EC-2E-6<EC-2-33>', 'ffnn', 1.1462365221670918]
['E1-3A<E1-3-03>', 'ffnn', 16.647911628704311]
['W3-3B-2<W3-3-19>', 'arima', 25.896660952224966]
['E1-3A<E1-3-04>', 'arima', 41.131191238524842]
['E1-3A<E1-3-04>', 'ffnn', 671.18315789473661]
['EC-2E<EC-2E-10>', 'arima', 0.91848397291532813]
['T1-3D-3<T1-3-27>', 'ffnn', 2.1622148586181127]
['E1-3A<E1-3-05>', 'arima', 31.525465604355777]
['T1-3D-4<T1-3-32>', 'arima', 0.75999372106468166]
['W3-3B-2<W3-3-19>', 'ffnn', 43.13472855414102]
['EC-2E<EC-2E-10>', 'ffnn', 0.71968659957090197]
['W3-3B-3<W3-3-20>', 'arima', 27.760555415924415]
['E1-3A<E1-3-05>', 'ffnn', 17.691473909243435]
['T1-3D-4<T1-3-32>', 'ffnn', 0.63857186355032602]
['EC-2E<EC-2E-11>', 'arima', 0.24775318967938562]
['E1-3A<E1-3-06>', 'arima', 126.4482547386735]
['T1-3D-5<T1-3-33>', 'arima', 6.3200458663886554]
['W3-3B-3<W3-3-20>', 'ffnn', 19.923033128372907]
['W3-3B-4<W3-3-21>', 'arima', 47.398706703006958]
['EC-2E<EC-2E-11>', 'ffnn', 0.38697067670740826]
['EC-2E<EC-2E-7>', 'arima', 0.14990291546793993]
['E1-3A<E1-3-06>', 'ffnn', 37.504899806665776]
['T1-3D-5<T1-3-33>', 'ffnn', 6.536858224504881]
['E1-3A<E1-3-07>', 'arima', 37.389148056047496]
['T1-3D-6<T1-3-28>', 'arima', 1.2587345323404302]
['T1-3D-6<T1-3-28>', 'ffnn', 229.37789448311622]
['W3-3B-4<W3-3-21>', 'ffnn', 21.618796447392139]
['T1-3D-7<T1-3-30>', 'arima', 1.3072788185532294]
['EC-2E<EC-2E-7>', 'ffnn', 0.1307735041272011]
['W3-3B-5<W3-3-22>', 'arima', 24.112660554485267]
['W3-3B-5<W3-3-22>', 'ffnn', 1423.874718210028]
['EC-2E<EC-2E-8>', 'arima', 0.22836549196388128]
['E1-3A<E1-3-07>', 'ffnn', 19.309502443940602]
['W3-3B-6<W3-3-23>', 'arima', 10.36965162895042]
['T1-3D-7<T1-3-30>', 'ffnn', 1.3116146204415233]
['E1-3A<E1-3-08>', 'arima', 27.935849375020535]
['E1-3A<E1-3-08>', 'ffnn', 351.56263130262613]
['T1-3E-1<T1-3-37>', 'arima', 0.11049483862312813]
['E1-3A<E1-3-09>', 'arima', 19.805331665898176]
['EC-2E<EC-2E-8>', 'ffnn', 0.14815200566546372]
['EC-2E<EC-2E-9>', 'arima', 0.097887928916654501]
['W3-3B-6<W3-3-23>', 'ffnn', 28.360827132309158]
['T1-3E-1<T1-3-37>', 'ffnn', 0.14642838213000733]
['E1-3A<E1-3-09>', 'ffnn', 19.452192892338495]
['W3-3B-7<W3-3-24>', 'arima', 1.9645334711604179]
['T1-3E-2<T1-3-38>', 'arima', 2.1679785534127047]
['EC-2E<EC-2E-9>', 'ffnn', 0.071673410970465201]
['E1-3B<E1-3-24>', 'arima', 59.174631093279444]
['W3-3B-7<W3-3-24>', 'ffnn', 1.4841701447878293]
['EC-3A<EC-3-01>', 'arima', 13.574812880801822]
['T1-3E-2<T1-3-38>', 'ffnn', 6.359622368126697]
['E1-3B<E1-3-24>', 'ffnn', 25.231704194137784]
['W3-3B-8<W3-3-25>', 'arima', 40.670957237173333]
['T1-3E-3<T1-3-35>', 'arima', 0.18497959589703128]
['E1-3B<E1-3-25>', 'arima', 179.61577726362705]
['EC-3A<EC-3-01>', 'ffnn', 13.628780903773025]
['EC-3B<EC-3-02>', 'arima', 4.2785280934563437]
['W3-3B-8<W3-3-25>', 'ffnn', 20.087231408714132]
['T1-3E-3<T1-3-35>', 'ffnn', 0.18058205800413055]
['E1-3B<E1-3-25>', 'ffnn', 51.173421643848698]
['W3-3B-9<W3-3-26>', 'arima', 29.725327687876398]
['T1-3E-4<T1-3-39>', 'arima', 7.1239297283271483]
['EC-3B<EC-3-02>', 'ffnn', 2.1979672016177014]
['E1-3B<E1-3-26>', 'arima', 48.404371225750538]
['EC-3B<EC-3-03>', 'arima', 0.80123233910967928]
['T1-3E-4<T1-3-39>', 'ffnn', 6.2655211295398798]
['W3-3B-9<W3-3-26>', 'ffnn', 5.5003452947903391]
['T1-3E-5<T1-3-40>', 'arima', 6.0535280420063309]
['E1-3B<E1-3-26>', 'ffnn', 25.047180156132253]
['WC-1A<WC-1A-01>', 'arima', 0.00052284486115367014]
['EC-3B<EC-3-03>', 'ffnn', 0.66527442940518677]
['E1-3B<E1-3-27>', 'arima', 14.895389048228965]
['WC-1A<WC-1A-01>', 'ffnn', 0.02434312759445198]
['EC-3B<EC-3-04>', 'arima', 0.24633786966852811]
['T1-3E-5<T1-3-40>', 'ffnn', 4.1790462389997352]
['WC-1A<WC-1A-02>', 'arima', 0.016896236416155924]
['T1-3E-6<T1-3-36>', 'arima', 4.1245870001302283]
['E1-3B<E1-3-27>', 'ffnn', 6.4981508708967741]
['EC-3B<EC-3-04>', 'ffnn', 0.21955845380845365]
['WC-1A<WC-1A-02>', 'ffnn', 0.015468290242288787]
['E1-3B<E1-3-28>', 'arima', 39.04479732143033]
['WC-1A<WC-1A-03>', 'arima', 0.58275429277107726]
['EC-3B<EC-3-05>', 'arima', 1.8425142872003666]
['T1-3E-6<T1-3-36>', 'ffnn', 5.8089097179910301]
['T1-3F-1<T1-3-43>', 'arima', 2.7067753182346577]
['E1-3B<E1-3-28>', 'ffnn', 7.3997392446082868]
['EC-3B<EC-3-05>', 'ffnn', 2.637490117054317]
['WC-1A<WC-1A-03>', 'ffnn', 0.35316311864808758]
['EC-3B<EC-3-06>', 'arima', 5.6273526603092527]
['E1-3B<E1-3-29>', 'arima', 17.922487871638783]
['T1-3F-1<T1-3-43>', 'ffnn', 1.3315005178370636]
['WC-1A<WC-1A-04>', 'arima', 0.12296687347518959]
['T1-3F-2<T1-3-44>', 'arima', 19.72812112054979]
['EC-3B<EC-3-06>', 'ffnn', 3.5607741110948417]
['E1-3B<E1-3-29>', 'ffnn', 19.116256963547158]
['EC-3B<EC-3-07>', 'arima', 28.110838820947105]
['WC-1A<WC-1A-04>', 'ffnn', 0.1111012699614361]
['E1-3B<E1-3-30>', 'arima', 13.246303312307241]
['T1-3F-2<T1-3-44>', 'ffnn', 13.234453961824107]
['WC-1A<WC-1A-05>', 'arima', 1.5513216003228616]
['T1-3F-3<T1-3-49>', 'arima', 2.5584605537399017]
['EC-3B<EC-3-07>', 'ffnn', 17.446141284622776]
['E1-3B<E1-3-30>', 'ffnn', 11.961578076928856]
['EC-3B<EC-3-08>', 'arima', 13.793845525550786]
['WC-1A<WC-1A-05>', 'ffnn', 0.84967703248793047]
['T1-3F-3<T1-3-49>', 'ffnn', 2.7440624230569397]
['E1-3B<E1-3-31>', 'arima', 5.2911835231065929]
['WC-1A<WC-1A-06>', 'arima', 0.8102654369289487]
['T1-3F-4<T1-3-45>', 'arima', 2.3564398559402164]
['EC-3B<EC-3-08>', 'ffnn', 4.9565924961696615]
['EC-3B<EC-3B-08>', 'arima', 1.4604138137696487]
['E1-3B<E1-3-31>', 'ffnn', 2.2955382554152735]
['WC-1A<WC-1A-06>', 'ffnn', 0.7843322096224663]
['T1-3F-4<T1-3-45>', 'ffnn', 1.4609039312951428]
['E1-3C<E1-3-11>', 'arima', 18.780384919547814]
['WC-1A<WC-1A-07>', 'arima', 0.082523702556438233]
['T1-3F-7<T1-3-48>', 'arima', 3.0665521514109724]
['T1-3F-7<T1-3-48>', 'ffnn', 166.12473684210522]
['EC-3B<EC-3B-08>', 'ffnn', 2.3447436626458797]
['T1-3F-8<T1-3-47>', 'arima', 1.0840737916057561]
['EC-3B<Ec-3B-10>', 'arima', 0.062977611108009868]
['E1-3C<E1-3-11>', 'ffnn', 21.525075946720293]
['E1-3C<E1-3-12>', 'arima', 11.879726150841556]
['WC-1A<WC-1A-07>', 'ffnn', 0.077329091465630509]
['T1-3F-8<T1-3-47>', 'ffnn', 1.7890018544647712]
['EC-3B<Ec-3B-10>', 'ffnn', 0.19028363601338114]
['T1-3F-9<T1-3-46>', 'arima', 2.5081021987245173]
['WC-1A<WC-1A-08>', 'arima', 0.092156104587603857]
['E1-3C<E1-3-12>', 'ffnn', 6.9355906925119282]
['EC-3B<Ec-3B-11>', 'arima', 0.40133472874627374]
['E1-3C<E1-3-13>', 'arima', 10.863574230707794]
['E1-3C<E1-3-13>', 'ffnn', 268.81052631578945]
['WC-1A<WC-1A-08>', 'ffnn', 0.074168998029140426]
['T1-3F-9<T1-3-46>', 'ffnn', 2.2225623564113985]
['WC-1A<WC-1A-09>', 'arima', 0.31757150812910617]
['E1-3C<E1-3-14>', 'arima', 17.479555268654067]
['EC-3B<Ec-3B-11>', 'ffnn', 0.31506302701555577]
['T1-3F<T1-3F-06>', 'arima', 56.934228134160762]
['EC-3B<Ec-3B-12>', 'arima', 3.7175475015105319]
['WC-1A<WC-1A-09>', 'ffnn', 0.30875911897946146]
['E1-3C<E1-3-14>', 'ffnn', 19.603623553149227]
['WC-1A<WC-1A-10>', 'arima', 0.15194451208940277]
['T1-3F<T1-3F-06>', 'ffnn', 47.664574345097158]
['E1-3C<E1-3-15>', 'arima', 12.834299034723957]
['EC-3B<Ec-3B-12>', 'ffnn', 2.7017400618987075]
['T1-3G-1<T1-3-52>', 'arima', 1.6623840346540502]
['EC-3B<Ec-3B-9>', 'arima', 20.857077050948124]
['WC-1A<WC-1A-10>', 'ffnn', 0.15358391692740739]
['E1-3C<E1-3-15>', 'ffnn', 10.201922266744619]
['T1-3G-1<T1-3-52>', 'ffnn', 1.9752391940672376]
['E1-3C<E1-3-16>', 'arima', 14.198747457960351]
['WC-1A<WC-1A-11>', 'arima', 3.0084847604047802]
['T1-3G-2<T1-3-56>', 'arima', 3.8078746200882954]
['T1-3G-2<T1-3-56>', 'ffnn', 81.208947368421036]
['EC-3B<Ec-3B-9>', 'ffnn', 18.993989315543697]
['EC-3C-10<EC-3-13>', 'arima', 19.997014637700953]
['T1-3G-3<T1-3-54>', 'arima', 1.1543358449774226]
['T1-3G-3<T1-3-54>', 'ffnn', 29.633684210526319]
['E1-3C<E1-3-16>', 'ffnn', 34.562526868773539]
['WC-1A<WC-1A-11>', 'ffnn', 3.5888438899791812]
['T1-3G-4<T1-3-55>', 'arima', 0.8973531944633717]
['E1-3C<E1-3-17>', 'arima', 28.536468142769099]
['WC-1A<WC-1A-12>', 'arima', 0.5641411241905101]
['EC-3C-10<EC-3-13>', 'ffnn', 11.715326332020895]
['E1-3C<E1-3-17>', 'ffnn', 19.537053064139165]
['E1-3C<E1-3-18>', 'arima', 3.0218126605844859]
['T1-3G-4<T1-3-55>', 'ffnn', 0.35693148430539895]
['EC-3C-1<EC-1-16>', 'arima', 44.095039660950874]
['WC-1A<WC-1A-12>', 'ffnn', 0.49568789924203643]
['T1-3G-5<T1-3-51>', 'arima', 0.71825693829683157]
['T1-3G-5<T1-3-51>', 'ffnn', 43.381578947368418]
['E1-3C<E1-3-18>', 'ffnn', 2.3894573309913918]
['EC-3C-1<EC-1-16>', 'ffnn', 25.509583588210322]
['T1-3G-6<T1-3-57>', 'arima', 3.1948502224697095]
['WC-1A<WC-1A-13>', 'arima', 0.036935641280803913]
['E1-3C<E1-3-19>', 'arima', 6.778258183109493]
['EC-3C-2<EC-1-17>', 'arima', 0.75545903613069254]
['EC-3C-2<EC-1-17>', 'ffnn', 9.9126315789473676]
['E1-3C<E1-3-19>', 'ffnn', 1040.5047031780396]
['E1-3C<E1-3-20>', 'arima', 7.6754247785730039]
['EC-3C-3<EC-1-15>', 'arima', 12.376369043358062]
['EC-3C-3<EC-1-15>', 'ffnn', 148.64210526315787]
['T1-3G-6<T1-3-57>', 'ffnn', 3.6832878633213517]
['T1-3G-7<T1-3-50>', 'arima', 1.5218975429889827]
['WC-1A<WC-1A-13>', 'ffnn', 0.039404169803853618]
['EC-3C-4<EC-1-14>', 'arima', 5.9608702092746872]
['E1-3C<E1-3-20>', 'ffnn', 13.217983260424061]
['WC-1A<WC-1A-14>', 'arima', 0.069142567016445611]
['WC-1A<WC-1A-14>', 'ffnn', 8.6189473684210558]
['T1-3G-7<T1-3-50>', 'ffnn', 0.95126196837961285]
['E1-3C<E1-3-21>', 'arima', 7.871518904064513]
['E1-3C<E1-3-21>', 'ffnn', 1056.1199999999997]
['WC-1E<WC-1-1>', 'arima', 6.7624479952315779]
['EC-3C-4<EC-1-14>', 'ffnn', 17.77925288850513]
['T1-3G-8<T1-3-53>', 'arima', 22.739206607473612]
['E1-3C<E1-3-22>', 'arima', 11.360732913061916]
['EC-3C-5<EC-1-12>', 'arima', 3.2854495625462103]
['EC-3C-5<EC-1-12>', 'ffnn', 293.59631578947375]
['WC-1E<WC-1-1>', 'ffnn', 6.740884729406643]
['E1-3C<E1-3-22>', 'ffnn', 25.264379184253819]
['T1-3G-8<T1-3-53>', 'ffnn', 15.614163233474226]
['WC-1F-UPS<WC-1F-UPS-01>', 'arima', 1.7002104107087042]
['EC-3C-7<EC-3-10>', 'arima', 62.06250937426811]
['E2-1A-1<E2-1-01>', 'arima', 8.5085136971568147]
['T1-3H-1<T1-3-60>', 'arima', 1.9103128515198105]
['EC-3C-7<EC-3-10>', 'ffnn', 29.654896257083866]
['WC-1F-UPS<WC-1F-UPS-01>', 'ffnn', 2.2475010812896157]
['E2-1A-1<E2-1-01>', 'ffnn', 10.688324700968129]
['T1-3H-1<T1-3-60>', 'ffnn', 1.9374451406598769]
['T1-3H-3<T1-3-63>', 'arima', 4.2566950849693344]
['EC-3C-8<EC-3-11>', 'arima', 15.115989981056956]
['WC-1F-UPS<WC-1F-UPS-03>', 'arima', 0.24415867725893714]
['T1-3H-3<T1-3-63>', 'ffnn', 80.592592131696563]
['E2-1A-2<E2-1-01>', 'arima', 13.771091842917127]
['T1-3H-4<T1-3-64>', 'arima', 3.4111581516478142]
['EC-3C-8<EC-3-11>', 'ffnn', 3.6310194215005329]
['WC-1F-UPS<WC-1F-UPS-03>', 'ffnn', 0.21586021496715591]
['E2-1A-2<E2-1-01>', 'ffnn', 14.447800492551744]
['T1-3H-4<T1-3-64>', 'ffnn', 1.0382605759977164]
['E2-1A-3<E2-1-01>', 'arima', 0.84147807722341839]
['EC-3C-9<EC-3-12>', 'arima', 31.770399451784328]
['WC-1F-UPS<WC-1F-UPS-042>', 'arima', 2.4115247393977191]
['T1-3H-5<T1-3-61>', 'arima', 0.9400194799724414]
['E2-1A-3<E2-1-01>', 'ffnn', 0.57355546182794515]
['EC-3C-9<EC-3-12>', 'ffnn', 25.346269146369387]
['WC-1F-UPS<WC-1F-UPS-042>', 'ffnn', 1.3474033013308833]
['EC-3D-10<EC-1-23>', 'arima', 8.6452469095043174]
['WC-1F-UPS<WC-1F-UPS-04>', 'arima', 0.6260676145131705]
['E2-1A-4<E2-1-01>', 'arima', 10.739642314697251]
['T1-3H-5<T1-3-61>', 'ffnn', 1.0280944718935432]
['T1-3H-5<T1-3-65>', 'arima', 8.7239841989111806]
['EC-3D-10<EC-1-23>', 'ffnn', 14.8925166927856]
['WC-1F-UPS<WC-1F-UPS-04>', 'ffnn', 0.74264121892011781]
['E2-1A-4<E2-1-01>', 'ffnn', 4.0207632363697767]
['EC-3D<EC-3-14>', 'arima', 10.365351112562305]
['EC-3D<EC-3-14>', 'ffnn', 186.56105263157897]
['T1-3H-5<T1-3-65>', 'ffnn', 10.202982481600811]
['E2-1A-6<E2-1-01>', 'arima', 0.0023734070544946754]
['WC-1H<WC-1H-01>', 'arima', 0.58257495900941225]
['EC-3D<EC-3-15>', 'arima', 4.242631925604929]
['T1-3I-1<T1-3-67>', 'arima', 2.4930619920970623]
['E2-1A-6<E2-1-01>', 'ffnn', 0.0034561965430195325]
['WC-1H<WC-1H-01>', 'ffnn', 0.29519522631906348]
['EC-3D<EC-3-15>', 'ffnn', 2.4327922437013445]
['E2-1A<E2-1A-05>', 'arima', 0.019582776595573493]
['T1-3I-1<T1-3-67>', 'ffnn', 3.7892621667778599]
['WC-1H<WC-1H-02>', 'arima', 0.70328220309317391]
['EC-3D<EC-3-16>', 'arima', 3.438117148332037]
['E2-1A<E2-1A-05>', 'ffnn', 0.005546296023301955]
['T1-3I-2<T1-3-69>', 'arima', 4.1026831048551236]
['E2-1A<E2-1A-07>', 'arima', 2.2568586170371221]
['WC-1H<WC-1H-02>', 'ffnn', 0.62765351294432825]
['EC-3D<EC-3-16>', 'ffnn', 8.6164892974218574]
['T1-3I-2<T1-3-69>', 'ffnn', 5.0815159336169069]
['WC-1H<WC-1H-03>', 'arima', 0.0010526315789473686]
['T1-3I-3<T1-3-70>', 'arima', 2.5620159733085308]
['E2-1A<E2-1A-07>', 'ffnn', 2.0202592432693165]
['E2-2A-1<E2-2-04>', 'arima', 4.4765698168901338]
['EC-3D<EC-3-17>', 'arima', 10.285234810724781]
['WC-1H<WC-1H-03>', 'ffnn', 0.0016410540045479615]
['WC-1H<WC-1H-05>', 'arima', 0.34777584274633261]
['T1-3I-3<T1-3-70>', 'ffnn', 0.63195817540832377]
['E2-2A-1<E2-2-04>', 'ffnn', 4.7213132147287054]
['EC-3D<EC-3-17>', 'ffnn', 5.6769732647340838]
['T1-3I-4<T1-3-71>', 'arima', 1.1373840306748406]
['EC-3D<EC-3-18>', 'arima', 11.072853954644552]
['E2-2A-2<E2-2-03>', 'arima', 2.8895589420970667]
['WC-1H<WC-1H-05>', 'ffnn', 0.3569217271597574]
['WC-1H<WC-1H-06>', 'arima', 0.25625630917109693]
['T1-3I-4<T1-3-71>', 'ffnn', 0.82276153317350553]
['EC-3D<EC-3-18>', 'ffnn', 6.6996967605058622]
['EC-3D<EC-3-19>', 'arima', 1.6613736393204168]
['E2-2A-2<E2-2-03>', 'ffnn', 2.9983769951108146]
['T1-3J-1<T1-3-78>', 'arima', 3.7963878580284804]
['WC-1H<WC-1H-06>', 'ffnn', 0.24867187314650313]
['WC-1H<WC-1H-07>', 'arima', 0.15458647131664768]
['E2-2A-3<E2-2-02>', 'arima', 0.88468537136106484]
['EC-3D<EC-3-19>', 'ffnn', 2.3156212291074794]
['T1-3J-1<T1-3-78>', 'ffnn', 13.774703700799504]
['T1-3J-2<T1-3-80>', 'arima', 62.549393246391759]
['T1-3J-2<T1-3-80>', 'ffnn', 279.21684188667206]
['WC-1H<WC-1H-07>', 'ffnn', 0.14117640596413808]
['EC-3D<EC-3-20>', 'arima', 0.51961719937790007]
['E2-2A-3<E2-2-02>', 'ffnn', 0.76091896472476828]
['T1-3J-3<T1-3-81>', 'arima', 13.795893099138569]
['T1-3J-3<T1-3-81>', 'ffnn', 140.55421052631576]
['WC-1H<WC-1H-08>', 'arima', 6.830965105393313e-07]
['E2-2A-4<E2-2-01>', 'arima', 0.166735682607596]
['T1-3J-4<T1-3-85>', 'arima', 9.3781173716372965]
['WC-1H<WC-1H-08>', 'ffnn', 2.6985479716925573e-05]
['EC-3D<EC-3-20>', 'ffnn', 0.3912755560913741]
['WC-1H<WC-1H-09>', 'arima', 0.085230392839435412]
['E2-2A-4<E2-2-01>', 'ffnn', 0.16496061098395001]
['EC-3D<EC-3-21>', 'arima', 36.156732200084569]
['T1-3J-4<T1-3-85>', 'ffnn', 19.120708570426064]
['E2-2B-1<E2-2-08>', 'arima', 3.3385649688133636]
['T1-3J-5<T1-3-83>', 'arima', 1.2735880117767078]
['T1-3J-5<T1-3-83>', 'ffnn', 173.60315789473688]
['WC-1H<WC-1H-09>', 'ffnn', 0.072447772647367639]
['EC-3D<EC-3-21>', 'ffnn', 18.723832310574142]
['T1-3J<t1-3J-06>', 'arima', 4.8646748951145984]
['T1-3J<t1-3J-06>', 'ffnn', 92.89421052631576]
['WC-1H<WC-1H-10>', 'arima', 0.10412280357786717]
['E2-2B-1<E2-2-08>', 'ffnn', 3.2132992706320072]
['EC-3D<EC-3-22>', 'arima', 3.3107009347750993]
['E2-2B-2<E2-2-07>', 'arima', 0.86885777301278544]
['E2-2B-2<E2-2-07>', 'ffnn', 37.863684210526316]
['T1-3J<t1-3J-07>', 'arima', 6.204516975751484]
['WC-1H<WC-1H-10>', 'ffnn', 0.10497714660189898]
['E2-2B-3<E2-2-06>', 'arima', 1.7428927896712141]
['E2-2B-3<E2-2-06>', 'ffnn', 47.333684210526307]
['WC-1H<WC-1H-11>', 'arima', 1.020398644385264]
['E2-2B-4<E2-2-05>', 'arima', 3.2379038787379213]
['EC-3D<EC-3-22>', 'ffnn', 6.543648501056289]
['EC-3E-6<EC-1-24>', 'arima', 6.9356574945276108]
['EC-3E-6<EC-1-24>', 'ffnn', 148.58368421052629]
['T1-3J<t1-3J-07>', 'ffnn', 2.5633123100375657]
['T1-3L-1<T1-3-95>', 'arima', 1.0280749722216105]
['WC-1H<WC-1H-11>', 'ffnn', 0.86819591995578616]
['E2-2B-4<E2-2-05>', 'ffnn', 2.7595831359227265]
['E2-2C-2<E2-2-11>', 'arima', 5.9033775271053779]
['EC-3E-7<EC-1-26>', 'arima', 17.06107914032199]
['E2-2C-2<E2-2-11>', 'ffnn', 21.145789473684211]
['EC-3E-7<EC-1-26>', 'ffnn', 62.680000000000014]
['E2-2C-3<E2-2-10>', 'arima', 0.44117795856590947]
['E2-2C-3<E2-2-10>', 'ffnn', 12.581578947368421]
['E2-2C-4<E2-2-09>', 'arima', 1.6191002237362739]
['WC-1H<WC-1H-12>', 'arima', 0.12446247281283752]
['WC-1H<WC-1H-12>', 'ffnn', 3.0536839800463476]
['T1-3L-1<T1-3-95>', 'ffnn', 1.841993529442699]
['EC-3E-7<EC-1-27>', 'arima', 38.365066243721593]
['WC-1H<WC-1H-13>', 'arima', 0.055122490600346533]
['WC-1H<WC-1H-13>', 'ffnn', 5.3026315789473681]
['T1-3L-2<T1-3-90>', 'arima', 4.433834073785051]
['WC-1H<WC-1H-14>', 'arima', 9.1565910276584422e-13]
['E2-2C-4<E2-2-09>', 'ffnn', 0.95417453455751033]
['E2-2C<E2-2C-02>', 'arima', 7.5132410223812549]
['EC-3E-7<EC-1-27>', 'ffnn', 40.309705148752649]
['WC-1H<WC-1H-14>', 'ffnn', 0.054673604434667226]
['T1-3L-2<T1-3-90>', 'ffnn', 7.7098646798177786]
['EC-3E<EC-3-23>', 'arima', 0.63080056955516706]
['EC-3E<EC-3-23>', 'ffnn', 12.275789473684213]
['T1-3L-3<T1-3-91>', 'arima', 5.5240421122203713]
['T1-3L-3<T1-3-91>', 'ffnn', 130.65473684210528]
['EC-3E<EC-3-24>', 'arima', 3.5974024386458701]
['EC-3E<EC-3-24>', 'ffnn', 115.86542644454224]
['WC-1H<WC-1H-15>', 'arima', 0.1931657733719471]
['WC-1H<WC-1H-15>', 'ffnn', 4.8188671629555921]
['E2-2C<E2-2C-02>', 'ffnn', 10.744805609075007]
['T1-3L-5<T1-3-92>', 'arima', 2.6959762886905687]
['T1-3L-5<T1-3-92>', 'ffnn', 188.07578947368415]
['T1-3L-6<T1-3-88>', 'arima', 5.2369178763964097]
['T1-3L-6<T1-3-88>', 'ffnn', 44.997368421052634]
['WC-1H<WC-1H-16>', 'arima', 8.9857532674432292]
['EC-3E<EC-3-25>', 'arima', 0.33540484055309266]
['WC-1H<WC-1H-16>', 'ffnn', 48.759999999999991]
['E2-3A<E2-3-01>', 'arima', 1.8218955492456317]
['T1-3L-7<T1-3-96>', 'arima', 7.0184959949633203]
['T1-3L-7<T1-3-96>', 'ffnn', 187.21778905718602]
['WC-1H<WC-1H-17>', 'arima', 0.017897058750385584]
['T1-3L-8<T1-3-94>', 'arima', 7.4230616914713208]
['WC-1H<WC-1H-17>', 'ffnn', 0.017393873851111883]
['EC-3E<EC-3-25>', 'ffnn', 0.26631330527350788]
['E2-3A<E2-3-01>', 'ffnn', 1.6247734777060667]
['E2-3A<E2-3-02>', 'arima', 1.1260469122243493]
['E2-3A<E2-3-02>', 'ffnn', 14.046974442788954]
['WC-1H<WC-1H-18>', 'arima', 0.11398511892126409]
['EC-3E<EC-3-26>', 'arima', 0.61311683140160178]
['T1-3L-8<T1-3-94>', 'ffnn', 12.772903523318201]
['T1-F-03<T1-1E-08>', 'arima', 6.3554851253990545]
['E2-3A<E2-3-03>', 'arima', 0.84232285244984773]
['WC-1H<WC-1H-18>', 'ffnn', 0.11925958262654678]
['EC-3E<EC-3-26>', 'ffnn', 0.80186723649562563]
['EC-3E<EC-3-27>', 'arima', 4.6561519852764732]
['T1-F-03<T1-1E-08>', 'ffnn', 2.3552399973486229]
['E2-3A<E2-3-03>', 'ffnn', 0.82254070158108572]
['WC-1H<WC-1H-4>', 'arima', 0.37822788976656407]
['T1-F-04<T1-1E-06>', 'arima', 9.2485938436946729]
['E2-3A<E2-3-04>', 'arima', 0.55495384312053542]
['E2-3A<E2-3-04>', 'ffnn', 76.28263157894736]
['EC-3E<EC-3-27>', 'ffnn', 4.7224478557048251]
['EC-3F-10<EC-1-40>', 'arima', 8.9376121210155848]
['E2-3A<E2-3-05>', 'arima', 2.9982587734915733]
['EC-3F-10<EC-1-40>', 'ffnn', 276.58721414108396]
['WC-1H<WC-1H-4>', 'ffnn', 0.29990124688828346]
['EC-3F-11<EC-1-41>', 'arima', 0.60425053351176583]
['EC-3F-11<EC-1-41>', 'ffnn', 23.034210526315793]
['T1-F-04<T1-1E-06>', 'ffnn', 3.6854834723855592]
['EC-3F-12<EC-2-26>', 'arima', 0.29946622848125287]
['WC-2A-1<WC-2-1>', 'arima', 1.8442632807924308]
['WC-2A-1<WC-2-1>', 'ffnn', 23.920000000000005]
['WC-2A<WC-1-01>', 'arima', 1.1152855303149585]
['WC-2A<WC-1-01>', 'ffnn', 34.599999999999987]
['E2-3A<E2-3-05>', 'ffnn', 3.6276918312624891]
['T1-F-05<T1-1E-07>', 'arima', 9.5893750434179168]
['E2-3A<E2-3-06>', 'arima', 3.0826387773603083]
['WC-2A<WC-1-02>', 'arima', 7.7396611018351438]
['WC-2A<WC-1-02>', 'ffnn', 175.96210526315795]
['WC-2A<WC-1-03>', 'arima', 1.163788166936619]
['EC-3F-12<EC-2-26>', 'ffnn', 0.23075598072778258]
['EC-3F-13<EC-1-32>', 'arima', 4.7741049544958489]
['T1-F-05<T1-1E-07>', 'ffnn', 8.3813038306943497]
['E2-3A<E2-3-06>', 'ffnn', 1.5102952411226367]
['E2-3A<E2-3-07>', 'arima', 9.7700641971639062]
['WC-2A<WC-1-03>', 'ffnn', 1.3281204320052713]
['T1-F-06<T1-BC-01>', 'arima', 250.83889383734478]
['WC-2A<WC-2-02>', 'arima', 1.0827971842861779]
['EC-3F-13<EC-1-32>', 'ffnn', 3.5174307658412798]
['EC-3F-14<EC-2-25>', 'arima', 0.01932610351235858]
['E2-3A<E2-3-07>', 'ffnn', 5.0727241529718485]
['T1-F-06<T1-BC-01>', 'ffnn', 231.63991426946032]
['WC-2A<WC-2-02>', 'ffnn', 2.0719879121961204]
['E2-3A<E2-3-25>', 'arima', 1.1209050496031598]
['WC-2A<WC-2-03>', 'arima', 4.4023494069543609]
['EC-3F-14<EC-2-25>', 'ffnn', 0.022055570512784103]
['T1-F-07<T1-BD-02>', 'arima', 3.998405435486049]
['T1-F-07<T1-BD-02>', 'ffnn', 98.025789473684213]
['EC-3F-15<EC-1-34>', 'arima', 8.905583297913461]
['EC-3F-15<EC-1-34>', 'ffnn', 108.69421052631577]
['T1-F-08<T1-BD-01>', 'arima', 4.3222783226557482]
['T1-F-08<T1-BD-01>', 'ffnn', 85.304210526315188]
['EC-3F-16<EC-1-31>', 'arima', 3.9313456806136173]
['E2-3A<E2-3-25>', 'ffnn', 4.6703253559620013]
['WC-2A<WC-2-03>', 'ffnn', 2.2633280610458533]
['T1-ZJF-1', 'arima', 13.633143795881749]
['T1-ZJF-1', 'ffnn', 262.78210526315792]
['WC-2A<WC-2-04>', 'arima', 1.1584175306665423]
['T1-ZJF-2', 'arima', 0.50072016605456016]
['T1-ZJF-2', 'ffnn', 75.357894736842141]
['E2-3A<E2-3-26>', 'arima', 8.1203428543809597]
['EC-3F-16<EC-1-31>', 'ffnn', 4.3931897364142722]
['T1-ZJF-4', 'arima', 4.4322472791135539]
['EC-3F-17<EC-1-36>', 'arima', 13.912887407734374]
['WC-2A<WC-2-04>', 'ffnn', 1.4345149559846584]
['WC-2A<WC-2-05>', 'arima', 0.9802919646465057]
['E2-3A<E2-3-26>', 'ffnn', 9.1137729579098838]
['E2-3A<E2-3-27>', 'arima', 2.2940064630298678]
['T1-ZJF-4', 'ffnn', 8.2893586131253407]
['EC-3F-17<EC-1-36>', 'ffnn', 10.082842509155686]
['T1-ZJF-5', 'arima', 1.8483667145723282]
['EC-3F-18<EC-1-37>', 'arima', 2.5935259261201402]
['WC-2A<WC-2-05>', 'ffnn', 1.1122719400655876]
['E2-3A<E2-3-27>', 'ffnn', 0.82636532317056888]
['WC-2B<WC-2-15>', 'arima', 3.1723678656095786]
['T1-ZJF-5', 'ffnn', 2.7827720913539729]
['EC-3F-18<EC-1-37>', 'ffnn', 2.6959549784569417]
['W1-1A-1<W1-1-01>', 'arima', 3.658438525490348]
['E2-3A<E2-3-28>', 'arima', 1.4795902638178138]
['E2-3A<E2-3-28>', 'ffnn', 220.98578947368424]
['EC-3F-19<EC-1-33>', 'arima', 2.7198333278066422]
['EC-3F-19<EC-1-33>', 'ffnn', 56.164210526315784]
['WC-2B<WC-2-15>', 'ffnn', 2.2317705690970038]
['E2-3A<E2-3-29>', 'arima', 3.6583488190242144]
['EC-3F-6<EC-1-35>', 'arima', 3.423146038673297]
['E2-3A<E2-3-29>', 'ffnn', 93.317894736842092]
['W1-1A-1<W1-1-01>', 'ffnn', 3.5761963550657363]
['WC-2B<WC-2-16>', 'arima', 3.2023230799891991]
['WC-2B<WC-2-16>', 'ffnn', 115.55263157894734]
['E2-3A<E2-3-30>', 'arima', 0.71802734470086893]
['E2-3A<E2-3-30>', 'ffnn', 43.690000000000005]
['W1-1A-2<W1-1-02>', 'arima', 47.966217997468107]
['WC-2B<WC-2-17>', 'arima', 1.8815231318915528]
['WC-2B<WC-2-17>', 'ffnn', 64.913684210526327]
['EC-3F-6<EC-1-35>', 'ffnn', 2.9657183569759975]
['E2-3B<E2-3-08>', 'arima', 8.2257647824904314]
['E2-3B<E2-3-08>', 'ffnn', 109.83578943909571]
['EC-3F-7<EC-2-27>', 'arima', 0.3903819246671234]
['EC-3F-7<EC-2-27>', 'ffnn', 92.223684210526329]
['WC-2B<WC-2-18>', 'arima', 11.860526356418603]
['WC-2B<WC-2-18>', 'ffnn', 109.78999999999999]
['E2-3B<E2-3-09>', 'arima', 34.655000915021745]
['W1-1A-2<W1-1-02>', 'ffnn', 43.962175692463575]
['WC-2B<wC-2B-05>', 'arima', 0.19867471029043901]
['WC-2B<wC-2B-05>', 'ffnn', 8.2463157894736838]
['EC-3F-8<EC-1-38>', 'arima', 20.110899045678241]
['EC-3F-8<EC-1-38>', 'ffnn', 354.14210526315787]
['E2-3B<E2-3-09>', 'ffnn', 76.735694890042964]
['W1-1A-3<W1-1-03>', 'arima', 22.355856093024812]
['EC-3F-9<EC-1-39>', 'arima', 0.15625625809100571]
['WC-2B<wC-2B-06>', 'arima', 0.047040172266493471]
['E2-3B<E2-3-10>', 'arima', 2.8158672528452704]
['E2-3B<E2-3-10>', 'ffnn', 97.59552306692288]
['E2-3B<E2-3-11>', 'arima', 16.961167865318433]
['E2-3B<E2-3-11>', 'ffnn', 273.45493827160493]
['W1-1A-3<W1-1-03>', 'ffnn', 35.352112358082614]
['EC-3F-9<EC-1-39>', 'ffnn', 0.19998315571870581]
['E2-3B<E2-3-12>', 'arima', 76.298728012047107]
['WC-2B<wC-2B-06>', 'ffnn', 0.60629668878012555]
['EC-3F<EC-3-28>', 'arima', 0.13092289321172301]
['W1-1A-4<W1-1-04>', 'arima', 4.557213727189386]
['E2-3B<E2-3-12>', 'ffnn', 97.945826408739251]
['WC-2B<wC-2B-07>', 'arima', 1.4643632009863512]
['E2-3B<E2-3-13>', 'arima', 59.766015766313238]
['EC-3F<EC-3-28>', 'ffnn', 0.090885824267631615]
['W1-1A-4<W1-1-04>', 'ffnn', 9.6730901371814735]
['E2-3B<E2-3-13>', 'ffnn', 121.24624383865266]
['W1-1A-5<W1-1-05>', 'arima', 36.506701337291432]
['WC-2B<wC-2B-07>', 'ffnn', 2.4957810657444219]
['EC-3F<EC-3-29>', 'arima', 0.12349756033437727]
['E2-3B<E2-3-14>', 'arima', 15.115970478487606]
['WC-2B<wC-2B-08>', 'arima', 0.62590290986790753]
['W1-1A-5<W1-1-05>', 'ffnn', 27.188143902958078]
['E2-3B<E2-3-14>', 'ffnn', 29.443380477317952]
['EC-3F<EC-3-29>', 'ffnn', 0.11559099422466049]
['EC-3F<EC-3-30>', 'arima', 0.78581477500259078]
['E2-3B<E2-3-15>', 'arima', 101.57932289131193]
['WC-2B<wC-2B-08>', 'ffnn', 1.4758622344494248]
['W1-2A-1<W1-2-11>', 'arima', 15.607654621610138]
['E2-3B<E2-3-15>', 'ffnn', 88.255659770582241]
['WC-2C<WC-2C-01>', 'arima', 9.5488290601078365]
['E2-3B<E2-3-16>', 'arima', 277.00018397029157]
['EC-3F<EC-3-30>', 'ffnn', 0.47820936109635109]
['EC-3F<EC-3-31>', 'arima', 0.6321525876601084]
['W1-2A-1<W1-2-11>', 'ffnn', 6.6442501717482152]
['E2-3B<E2-3-16>', 'ffnn', 390.68116592290647]
['WC-2C<WC-2C-01>', 'ffnn', 5.9924785772010836]
['WC-2C<WC-2C-02>', 'arima', 0.15196421034014201]
['W1-2A-2<W1-2-12>', 'arima', 1.3057903605672099]
['E2-3B<E2-3-17>', 'arima', 174.94730971867801]
['EC-3F<EC-3-31>', 'ffnn', 0.57684637600840882]
['WC-2C<WC-2C-02>', 'ffnn', 0.1166923335022126]
['W1-2A-2<W1-2-12>', 'ffnn', 0.96049668191959536]
['EC-3F<EC-3-32>', 'arima', 0.19571851182423586]
['WC-2C<WC-2C-03>', 'arima', 0.11304095426326073]
['W1-2A-3<W1-2-13>', 'arima', 0.36053620533658026]
['E2-3B<E2-3-17>', 'ffnn', 53.334416343283891]
['E2-3B<E2-3-18>', 'arima', 131.86860390146632]
['EC-3F<EC-3-32>', 'ffnn', 0.19663353974650799]
['WC-2C<WC-2C-03>', 'ffnn', 0.1070768673944332]
['W1-2A-3<W1-2-13>', 'ffnn', 0.33583960523755796]
['EC-3G<EC-3-33>', 'arima', 0.025397341679905372]
['W1-2A-4<W1-2-14>', 'arima', 0.45335775519836519]
['WC-2C<WC-2C-04>', 'arima', 1.0556326352554308]
['E2-3B<E2-3-18>', 'ffnn', 16.799961242326763]
['E2-3B<E2-3-19>', 'arima', 101.94523575468274]
['EC-3G<EC-3-33>', 'ffnn', 0.08088950042242804]
['WC-2C<WC-2C-04>', 'ffnn', 0.43356698337940464]
['W1-2A-4<W1-2-14>', 'ffnn', 0.30663658124308235]
['W1-2A-5<W1-2-15>', 'arima', 2.9679303932770833]
['WC-2C<WC-2C-05>', 'arima', 0.11954661582892025]
['EC-3G<EC-3-34>', 'arima', 4.7642977449864752]
['E2-3B<E2-3-19>', 'ffnn', 40.740436660812314]
['E2-3B<E2-3-20>', 'arima', 344.53564140414994]
['W1-2A-5<W1-2-15>', 'ffnn', 2.5138384998099412]
['WC-2C<WC-2C-05>', 'ffnn', 0.10179795791670991]
['EC-3G<EC-3-34>', 'ffnn', 3.6558236682033876]
['W1-2A-6<W1-2-16>', 'arima', 4.315860082781386]
['W1-2A-6<W1-2-16>', 'ffnn', 78.067368421052649]
['EC-3G<EC-3-35>', 'arima', 0.99212470222517024]
['W1-2C-1<W1-2-01>', 'arima', 2.7279539990133501]
['E2-3B<E2-3-20>', 'ffnn', 158.83387446229708]
['WC-2C<WC-2C-06>', 'arima', 1.4590851078070326]
['E2-3B<E2-3-21>', 'arima', 47.04660177247257]
['E2-3B<E2-3-21>', 'ffnn', 326.70947368421059]
['EC-3G<EC-3-35>', 'ffnn', 1.1859675988282898]
['W1-2C-1<W1-2-01>', 'ffnn', 9.1651325019625745]
['WC-2C<WC-2C-06>', 'ffnn', 3.2391315039301092]
['EC-3G<EC-3G-04>', 'arima', 6.7589550899188833]
['E2-3B<E2-3-22>', 'arima', 15.088107049137202]
['W1-2C-2<W1-2-02>', 'arima', 4.4291942419419073]
['W1-2C-2<W1-2-02>', 'ffnn', 70.827894736842111]
['W1-2C-3<W1-2-03>', 'arima', 1.6768816356001737]
['EC-3G<EC-3G-04>', 'ffnn', 5.0759484564932427]
['WC-2C<WC-2C-07>', 'arima', 7.6841984613071368]
['E2-3B<E2-3-22>', 'ffnn', 23.889968879034626]
['EC-3G<EC-3G-05>', 'arima', 1.0901001570376012]
['E2-3B<E2-3-23>', 'arima', 8.1740466805650112]
['E2-3B<E2-3-23>', 'ffnn', 231.64631578947362]
['W1-2C-3<W1-2-03>', 'ffnn', 1.9727153733284652]
['WC-2C<WC-2C-07>', 'ffnn', 2.6581767229564797]
['W1-2C-4<W1-2-04>', 'arima', 1.2089903491340379]
['E3-2A-1<E3-2-01>', 'arima', 0.2984569407600226]
['WC-2C<WC-2C-08>', 'arima', 1.9686477724345524]
['EC-3G<EC-3G-05>', 'ffnn', 1.6084883260613059]
['EC-3G<EC-3G-06>', 'arima', 0.80899088495478022]
['E3-2A-1<E3-2-01>', 'ffnn', 0.1933832009556975]
['W1-2C-4<W1-2-04>', 'ffnn', 1.0858171840995978]
['E3-2A-2<E3-2-02>', 'arima', 0.77520434835443586]
['WC-2C<WC-2C-08>', 'ffnn', 2.2088103037175957]
['W1-2C-5<W1-2-05>', 'arima', 2.7247201242655485]
['WC-2C<WC-2C-09>', 'arima', 2.7170114149003273]
['EC-3G<EC-3G-06>', 'ffnn', 0.98684197781351968]
['E3-2A-2<E3-2-02>', 'ffnn', 0.66583007065242317]
['EC-3G<EC-3G-07>', 'arima', 2.3815718046955325]
['EC-3G<EC-3G-07>', 'ffnn', 60.339473684210539]
['W1-2C-5<W1-2-05>', 'ffnn', 1.3306664793136544]
['E3-2A-3<E3-2-03>', 'arima', 11.00896345779806]
['EC-3G<EC-3G-08>', 'arima', 8.2186860111314228]
['WC-2C<WC-2C-09>', 'ffnn', 3.0228737401630328]
['W1-2C-6<W1-2-06>', 'arima', 5.2229128968749245]
['WC-2C<WC-2C-10>', 'arima', 13.624897820486943]
['WC-2C<WC-2C-10>', 'ffnn', 151.53684210526316]
['WC-2C<WC-2C-11>', 'arima', 1.1638183002585605]
['E3-2A-3<E3-2-03>', 'ffnn', 1.9077492823989657]
['EC-3G<EC-3G-08>', 'ffnn', 15.151740771532445]
['W1-2C-6<W1-2-06>', 'ffnn', 4.6645850190003832]
['E3-2A-4<E3-2-04>', 'arima', 13.191030311440992]
['EC-3G<EC-3G-10>', 'arima', 1.4473746892566364]
['EC-3G<EC-3G-10>', 'ffnn', 20.898421052631583]
['W1-3A-10<W1-3-06>', 'arima', 50.434639366985301]
['WC-2C<WC-2C-11>', 'ffnn', 1.8740883892228979]
['EC-3G<EC-3G-11>', 'arima', 1.1534979657502715]
['WC-2C<WC-2C-12>', 'arima', 2.8723954262675444]
['WC-2C<WC-2C-12>', 'ffnn', 109.30052631578947]
['E3-2A-4<E3-2-04>', 'ffnn', 9.1108757796267206]
['WC-2C<WC-2C-13>', 'arima', 6.1512242551506953]
['E3-2A-5<E3-2-05>', 'arima', 0.32321633667894611]
['W1-3A-10<W1-3-06>', 'ffnn', 32.27478752977612]
['EC-3G<EC-3G-11>', 'ffnn', 1.8822994429599011]
['W1-3A-1<W1-3-36>', 'arima', 3.5554071641428679]
['WC-2C<WC-2C-13>', 'ffnn', 2.1765656717050974]
['E3-2A-5<E3-2-05>', 'ffnn', 0.41221525063577946]
['E3-2B-1<E3-2-09>', 'arima', 3.6833752232796595]
['EC-3G<EC-3G-12>', 'arima', 0.22329225154963947]
['WC-2C<WC-2C-14>', 'arima', 1.7091396893878736]
['W1-3A-1<W1-3-36>', 'ffnn', 3.5441422929979147]
['EC-3G<EC-3G-12>', 'ffnn', 0.27374048373844551]
['E3-2B-1<E3-2-09>', 'ffnn', 7.6156628400172535]
['E3-2B-2<E3-2-08>', 'arima', 2.1532692174290999]
['W1-3A-2<W1-3-01>', 'arima', 3.4420464207461499]
['EC-3G<EC-3G-13>', 'arima', 1.4813481271752138]
['WC-2C<WC-2C-14>', 'ffnn', 2.4105702892824428]
['WC-2C<WC-2C-15>', 'arima', 5.738343224910837]
['E3-2B-2<E3-2-08>', 'ffnn', 3.3722276681371066]
['EC-3G<EC-3G-13>', 'ffnn', 0.96398612206994916]
['W1-3A-2<W1-3-01>', 'ffnn', 6.2409511327160496]
['E3-2B-3<E3-2-07>', 'arima', 3.569520313562252]
['E3-2B-3<E3-2-07>', 'ffnn', 34.105789473684204]
['EC-3G<EC-3G-14>', 'arima', 0.55556347880319656]
['WC-2C<WC-2C-15>', 'ffnn', 5.3577864412613794]
['WC-2C<WC-2C-16>', 'arima', 10.812866754487578]
['E3-2B-4<E3-2-06>', 'arima', 13.996743649496837]
['W1-3A-3<W1-3-02>', 'arima', 5.1341724474113635]
['EC-3G<EC-3G-14>', 'ffnn', 0.55464644408080166]
['WC-2C<WC-2C-16>', 'ffnn', 12.973546770678681]
['E3-2B-4<E3-2-06>', 'ffnn', 16.498343545030991]
['W1-3A-3<W1-3-02>', 'ffnn', 8.3168380185690438]
['EC-3G<EC-3G-15>', 'arima', 29.743172949733758]
['E3-3A-10<E3-3-07>', 'arima', 15.744041756117685]
['WC-2C<WC-2C-17>', 'arima', 16.273088765711673]
['W1-3A-4<W1-3-03>', 'arima', 49.670264342232755]
['EC-3G<EC-3G-15>', 'ffnn', 39.312732015536064]
['E3-3A-10<E3-3-07>', 'ffnn', 15.005877024511781]
['EC-3G<EC-3G-9>', 'arima', 0.42892252996414681]
['WC-2C<WC-2C-17>', 'ffnn', 7.1700310899823592]
['W1-3A-4<W1-3-03>', 'ffnn', 38.54232521279102]
['WC-2C<WC-2C-18>', 'arima', 11.599219042404519]
['E3-3A-1<E3-3-09>', 'arima', 11.061611373069677]
['W1-3A-5<W1-3-35>', 'arima', 11.271535507652851]
['EC-3G<EC-3G-9>', 'ffnn', 0.37728466659049004]
['WC-2C<WC-2C-18>', 'ffnn', 1.9896473450966845]
['E3-3A-1<E3-3-09>', 'ffnn', 6.2765487441891308]
['Ec-3D<EC-3D-11>', 'arima', 0.10893494819467323]
['WC-2C<WC-2C-19>', 'arima', 22.23927051419593]
['W1-3A-5<W1-3-35>', 'ffnn', 8.1362592781308187]
['E3-3A-2<E3-3-08>', 'arima', 20.903209814375515]
['W1-3A-6<W1-3-34>', 'arima', 9.4787676808363557]
['Ec-3D<EC-3D-11>', 'ffnn', 0.098479750302629745]
['WC-2C<WC-2C-19>', 'ffnn', 4.3028921522923911]
['Ec-3D<EC-3D-12>', 'arima', 0.82465440366918819]
['E3-3A-2<E3-3-08>', 'ffnn', 21.323727582765414]
['W1-3A-6<W1-3-34>', 'ffnn', 14.601489003771073]
['E3-3A-3<E3-3-06>', 'arima', 4.7212303326517615]
['E3-3A-3<E3-3-06>', 'ffnn', 324.10684210526313]
['WC-2D-1', 'arima', 2.1957346787564846]
['W1-3A-7<W1-3-33>', 'arima', 12.028070185222896]
['E3-3A-4<E3-3-05>', 'arima', 15.283801249007087]
['Ec-3D<EC-3D-12>', 'ffnn', 0.67507077524315517]
['WC-2D-1', 'ffnn', 1.5061881879639509]
['W1-3A-7<W1-3-33>', 'ffnn', 5.8778988061086439]
['Ec-3D<EC-3D-13>', 'arima', 56.640012428109372]
['E3-3A-4<E3-3-05>', 'ffnn', 13.929265245909772]
['W1-3A-8<W1-3-04>', 'arima', 15.554851004296319]
['W1-3A-8<W1-3-04>', 'ffnn', 294.13210526315794]
['WC-2D-2', 'arima', 1.1110863805642801]
['E3-3A-5<E3-3-04>', 'arima', 7.9508001262555732]
['W1-3A-9<W1-3-05>', 'arima', 31.38746055337209]
['Ec-3D<EC-3D-13>', 'ffnn', 21.495623955237591]
['T1-1A-10<T1-3-16>', 'arima', 0.60820822749784942]
['WC-2D-2', 'ffnn', 1.1101649077305609]
['E3-3A-5<E3-3-04>', 'ffnn', 14.115155964323382]
['WC-2D-3', 'arima', 0.57589962531597683]
['W1-3A-9<W1-3-05>', 'ffnn', 31.636804662005762]
['T1-1A-10<T1-3-16>', 'ffnn', 0.56261692297299981]
['E3-3A-6<E3-3-03>', 'arima', 8.3171880524558226]
['W1-3B-10<W1-3-30>', 'arima', 3.0164868269139697]
['T1-1A-1<T1-1-22>', 'arima', 48.214207943172447]
['WC-2D-3', 'ffnn', 0.2972921694582501]
['WC-3A<WC-3-01>', 'arima', 3.179079025776534]
['E3-3A-6<E3-3-03>', 'ffnn', 8.2340152276518062]
['W1-3B-10<W1-3-30>', 'ffnn', 4.1705858794263966]
['E3-3A-7<E3-3-02>', 'arima', 3.9631154367939669]
['E3-3A-7<E3-3-02>', 'ffnn', 144.78421052631577]
['T1-1A-1<T1-1-22>', 'ffnn', 25.399423888420721]
['W1-3B-11<W1-3-31>', 'arima', 9.3473941547752446]
['WC-3A<WC-3-01>', 'ffnn', 2.6269352356375348]
['E3-3A-8<E3-3-01>', 'arima', 10.189399203929064]
['T1-1A-2<T1-1-21>', 'arima', 98.777554264514222]
['WC-3A<WC-3-02>', 'arima', 0.82784973385622285]
['W1-3B-11<W1-3-31>', 'ffnn', 6.6119133303433664]
['E3-3A-8<E3-3-01>', 'ffnn', 6.9871887347188242]
['T1-1A-2<T1-1-21>', 'ffnn', 84.819792903594177]
['W1-3B-12<W1-3-32>', 'arima', 7.0711382620818091]
['WC-3A<WC-3-02>', 'ffnn', 1.0736274254609408]
['T1-1A-3<T1-1-20>', 'arima', 17.576632181032391]
['T1-1A-3<T1-1-20>', 'ffnn', 93.036201399362341]
['T1-1A-4<T1-1-19>', 'arima', 2.7453538690713835]
['E3-3A<E3-3-25>', 'arima', 9.0169903660453858]
['WC-3A<WC-3-03>', 'arima', 25.861090630835417]
['WC-3A<WC-3-03>', 'ffnn', 301.63684210526316]
['WC-3A<WC-3A-04>', 'arima', 0.64184893114547192]
['W1-3B-12<W1-3-32>', 'ffnn', 6.1134095574226013]
['W1-3B-13<W1-3-29>', 'arima', 33.872758325957626]
['E3-3A<E3-3-25>', 'ffnn', 14.343502346583596]
['T1-1A-4<T1-1-19>', 'ffnn', 2.3862943948432656]
['WC-3A<WC-3A-04>', 'ffnn', 18.641622368522473]
['T1-1A-5<T1-1-18>', 'arima', 7.0888047793723219]
['E3-3A<E3-3-26>', 'arima', 7.3945762828580994]
['WC-3A<WC-3A-05>', 'arima', 5.8559173759138092]
['W1-3B-13<W1-3-29>', 'ffnn', 17.138392819536097]
['W1-3B-1<W1-3-07>', 'arima', 9.7073592823105415]
['T1-1A-5<T1-1-18>', 'ffnn', 4.6568904944979641]
['E3-3A<E3-3-26>', 'ffnn', 6.0743587391194298]
['WC-3A<WC-3A-05>', 'ffnn', 0.97468889794645508]
['T1-1A-6<T1-1-17>', 'arima', 2.1804574419484797]
['WC-3B<WC-1-04>', 'arima', 11.592888254762236]
['W1-3B-1<W1-3-07>', 'ffnn', 12.931320776865601]
['E3-3A<E3-3A-12>', 'arima', 0.45660294149691016]
['E3-3A<E3-3A-12>', 'ffnn', 75.227894736842103]
['W1-3B-2<W1-3-08>', 'arima', 5.7940585975289487]
['T1-1A-6<T1-1-17>', 'ffnn', 2.2440816049748005]
['WC-3B<WC-1-04>', 'ffnn', 8.7321362078767617]
['E3-3A<E3-3A-13>', 'arima', 1.8678862870303583]
['E3-3A<E3-3A-13>', 'ffnn', 205.50684210526313]
['T1-1A-7<T1-1-12>', 'arima', 17.917129023995347]
['T1-1A-7<T1-1-12>', 'ffnn', 134.58157894736843]
['T1-1A-8<T1-3-21>', 'arima', 0.77962368770631085]
['W1-3B-2<W1-3-08>', 'ffnn', 5.260746330959063]
['WC-3B<WC-1-05>', 'arima', 8.844567450183991]
['WC-3B<WC-1-05>', 'ffnn', 455.17368421052629]
['WC-3B<WC-2-06>', 'arima', 1.546028266613626]
['E3-3A<E3-3A-14>', 'arima', 20.782660824612634]
['W1-3B-3<W1-3-09>', 'arima', 7.1777208855539572]
['W1-3B-3<W1-3-09>', 'ffnn', 238.51526315789465]
['T1-1A-8<T1-3-21>', 'ffnn', 1.014531851551036]
['T1-1A-9<T1-3-22>', 'arima', 2.197160724242611]
['W1-3B-4<W1-3-10>', 'arima', 7.2442054604314041]
['W1-3B-4<W1-3-10>', 'ffnn', 103.91315789473681]
['WC-3B<WC-2-06>', 'ffnn', 8.67728594038479]
['E3-3A<E3-3A-14>', 'ffnn', 11.055863690550977]
['WC-3B<WC-2-07>', 'arima', 0.91875465782816446]
['W1-3B-5<W1-3-11>', 'arima', 3.0034932689141862]
['E3-3B-10<E3-3-11>', 'arima', 5.8285929715260894]
['T1-1A-9<T1-3-22>', 'ffnn', 2.3142099311717543]
['T1-1A<T1-1A-12>', 'arima', 56.44883201149014]
['WC-3B<WC-2-07>', 'ffnn', 0.67633547169928043]
['W1-3B-5<W1-3-11>', 'ffnn', 4.1503786595450096]
['W1-3B-6<W1-3-12>', 'arima', 9.2798594636621221]
['E3-3B-10<E3-3-11>', 'ffnn', 4.62206702351759]
['WC-3B<WC-2-08>', 'arima', 0.45888556915925593]
['E3-3B-11<E3-3-13>', 'arima', 23.35347115660263]
['T1-1A<T1-1A-12>', 'ffnn', 26.735638273806288]
['W1-3B-6<W1-3-12>', 'ffnn', 4.2870706261415457]
['T1-1B-1<T1-1-33>', 'arima', 13.905092968430273]
['WC-3B<WC-2-08>', 'ffnn', 0.27597869769454247]
['WC-3B<WC-2-09>', 'arima', 0.25654962971418271]
['WC-3B<WC-2-09>', 'ffnn', 21.252631578947366]
['E3-3B-11<E3-3-13>', 'ffnn', 17.778016641049383]
['WC-3B<WC-3-04>', 'arima', 0.76501827640737652]
['WC-3B<WC-3-04>', 'ffnn', 13.455263157894736]
['E3-3B-12<E3-3-12>', 'arima', 2.5503737243214397]
['W1-3B-7<W1-3-13>', 'arima', 5.9252314820309948]
['WC-3B<WC-3-05>', 'arima', 38.404041838615527]
['T1-1B-1<T1-1-33>', 'ffnn', 16.17082264533699]
['T1-1B-23<T1-3-29>', 'arima', 31.021258205683477]
['E3-3B-12<E3-3-12>', 'ffnn', 1.7414094414054884]
['T1-1B-23<T1-3-29>', 'ffnn', 159.70631578947373]
['W1-3B-7<W1-3-13>', 'ffnn', 5.8081404844965547]
['E3-3B-13<E3-3-10>', 'arima', 16.981140391253501]
['E3-3B-13<E3-3-10>', 'ffnn', 874.31368421027526]
['WC-3B<WC-3-05>', 'ffnn', 12.107704161446643]
['W1-3B-8<W1-3-27>', 'arima', 4.5041247024715343]
['T1-1B-24', 'arima', 1.3183585934658695]
['WC-3B<WC-3-06>', 'arima', 19.11561546852246]
['E3-3B-14<E3-3-15>', 'arima', 7.7541936119866541]
['W1-3B-8<W1-3-27>', 'ffnn', 2.6185835788992526]
['T1-1B-24', 'ffnn', 2.3031530002035265]
['WC-3B<WC-3-06>', 'ffnn', 25.335042291260958]
['E3-3B-14<E3-3-15>', 'ffnn', 7.2418387198881753]
['WC-3B<WC-3-07>', 'arima', 0.44799637956421945]
['T1-1B-2<T1-1-32>', 'arima', 8.2485066499474549]
['E3-3B-15<E3-3-14>', 'arima', 10.073988416486523]
['W1-3B-9<W1-3-28>', 'arima', 6.2545027028951345]
['W1-3B-9<W1-3-28>', 'ffnn', 251.16842105263157]
['WC-3B<WC-3-07>', 'ffnn', 0.41184406864068224]
['W1-3C-10<W1-3-23>', 'arima', 7.6326226772723018]
['T1-1B-2<T1-1-32>', 'ffnn', 3.5459478746065902]
['E3-3B-15<E3-3-14>', 'ffnn', 3.493271688919048]
['WC-3B<WC-3-08>', 'arima', 3.687523726123568]
['T1-1B-3<T1-1-49>', 'arima', 8.5047011208428884]
['E3-3B-1<E3-3-24>', 'arima', 13.363624482651979]
['E3-3B-1<E3-3-24>', 'ffnn', 299.87894736842105]
['W1-3C-10<W1-3-23>', 'ffnn', 6.2559708726815106]
['W1-3C-11<W1-3-24>', 'arima', 18.720178011976863]
['WC-3B<WC-3-08>', 'ffnn', 0.67610508663361768]
['E3-3B-2<E3-3-23>', 'arima', 2.0813974365446386]
['WC-3B<WC-3-09>', 'arima', 38.828593417875005]
['WC-3B<WC-3-09>', 'ffnn', 1059.2931578946038]
['T1-1B-3<T1-1-49>', 'ffnn', 21.952184657898755]
['T1-1B-4<T1-1-30>', 'arima', 11.38576478225769]
['WC-3C<WC-1-06>', 'arima', 5.995913584316841]
['W1-3C-11<W1-3-24>', 'ffnn', 17.130505001228268]
['E3-3B-2<E3-3-23>', 'ffnn', 6.7257961183068549]
['E3-3B-3<E3-3-22>', 'arima', 1.5962025858424391]
['W1-3C-12<W1-3-25>', 'arima', 14.127726133654759]
['T1-1B-4<T1-1-30>', 'ffnn', 8.4923431319206824]
['T1-1B-5<T1-1-31>', 'arima', 2.2348847693397449]
['WC-3C<WC-1-06>', 'ffnn', 9.1053497513806576]
['T1-1B-5<T1-1-31>', 'ffnn', 21.288947368421049]
['T1-1B-5<T1-1-51>', 'arima', 4.8483023423263418]
['T1-1B-5<T1-1-51>', 'ffnn', 183.33894736842103]
['E3-3B-3<E3-3-22>', 'ffnn', 2.5837426445025624]
['WC-3C<WC-1-07>', 'arima', 6.958258928521369]
['W1-3C-12<W1-3-25>', 'ffnn', 9.5356406367141808]
['T1-1B-6<T1-3-25>', 'arima', 1.0776278487934434]
['E3-3B-4<E3-3-19>', 'arima', 6.7382381155878042]
['W1-3C-13<W1-3-26>', 'arima', 2.8543824697722453]
['WC-3C<WC-1-07>', 'ffnn', 4.951884258295804]
['WC-3C<WC-2-10>', 'arima', 1.2208532242341199]
['WC-3C<WC-2-10>', 'ffnn', 46.774607989952621]
['T1-1B-6<T1-3-25>', 'ffnn', 0.29339031612001404]
['E3-3B-4<E3-3-19>', 'ffnn', 7.7482466264072993]
['WC-3C<WC-2-11>', 'arima', 6.0139380588479696]
['T1-1B-8<T1-3-24>', 'arima', 19.70071015136223]
['E3-3B-5<E3-3-18>', 'arima', 13.409483208635196]
['T1-1B-8<T1-3-24>', 'ffnn', 138.21157894736848]
['W1-3C-13<W1-3-26>', 'ffnn', 3.7808324140609186]
['T1-1B<T1-1B-21>', 'arima', 1.3701927417294801]
['W1-3C-1<W1-3-22>', 'arima', 35.577630739623586]
['WC-3C<WC-2-11>', 'ffnn', 5.4427665809860963]
['E3-3B-5<E3-3-18>', 'ffnn', 11.386312620059428]
['E3-3B-6<E3-3-17>', 'arima', 14.224407396041054]
['WC-3C<WC-2-12>', 'arima', 0.19149705225476774]
['T1-1B<T1-1B-21>', 'ffnn', 20.507200808481397]
['W1-3C-1<W1-3-22>', 'ffnn', 14.378509384310336]
['T1-1C-8<T1-3-04>', 'arima', 1.6031358348257445]
['E3-3B-6<E3-3-17>', 'ffnn', 14.019096534003166]
['W1-3C-2<W1-3-21>', 'arima', 9.6281520419553654]
['WC-3C<WC-2-12>', 'ffnn', 0.23344275347602683]
['WC-3C<WC-2-13>', 'arima', 1.1034592625251305]
['E3-3B-7<E3-3-20>', 'arima', 9.4717894940542546]
['T1-1C-8<T1-3-04>', 'ffnn', 1.1666216173345654]
['T1-1C<T1-1C-04>', 'arima', 7.3254698653971104]
['W1-3C-2<W1-3-21>', 'ffnn', 21.368674632628835]
['WC-3C<WC-2-13>', 'ffnn', 1.0816555204859124]
['E3-3B-7<E3-3-20>', 'ffnn', 6.3535658400108703]
['W1-3C-3<W1-3-20>', 'arima', 21.717598786451234]
['E3-3B-8<E3-3-21>', 'arima', 2.1787202563999419]
['WC-3C<WC-2-14>', 'arima', 1.9566911243111498]
['WC-3C<WC-2-14>', 'ffnn', 302.40315789473681]
['T1-1C<T1-1C-04>', 'ffnn', 5.9353373703869812]
['WC-3C<WC-3-11>', 'arima', 19.000241654306144]
['WC-3C<WC-3-11>', 'ffnn', 313.27631578947376]
['T1-1C<T1-1C-05>', 'arima', 0.4037039319835008]
['W1-3C-3<W1-3-20>', 'ffnn', 16.895558217488134]
['E3-3B-8<E3-3-21>', 'ffnn', 1.7593585137869776]
['WC-3C<WC-3-12>', 'arima', 2.5594237507826443]
['E3-3B-9<E3-3-16>', 'arima', 3.4524258782194952]
['E3-3B-9<E3-3-16>', 'ffnn', 33.384736842105262]
['W1-3C-4<W1-3-19>', 'arima', 2.7963302902521048]
['T1-1C<T1-1C-05>', 'ffnn', 0.309879934800528]
['E3-A2-1<E3-1-03>', 'arima', 31.655811961731963]
['T1-1C<T1-1C-09>', 'arima', 5.1825412684964789]
['T1-1C<T1-1C-09>', 'ffnn', 128.0526315789474]
['WC-3C<WC-3-12>', 'ffnn', 8.5628656802269578]
['W1-3C-4<W1-3-19>', 'ffnn', 3.0560398476551183]
['T1-1C<T1-1C-10>', 'arima', 12.171433339681579]
['W1-3C-5<W1-3-18>', 'arima', 9.3805391539630225]
['WC-3C<WC-3-13>', 'arima', 12.532313464364821]
['E3-A2-1<E3-1-03>', 'ffnn', 29.538600295079075]
['E3-A2-2<E3-1-02>', 'arima', 147.89527881285323]
['T1-1C<T1-1C-10>', 'ffnn', 13.937661804384907]
['W1-3C-5<W1-3-18>', 'ffnn', 8.2129601220147084]
['T1-1C<T1-1C-11>', 'arima', 3.8984583718195402]
['WC-3C<WC-3-13>', 'ffnn', 9.0252209268686183]
['W1-3C-6<W1-3-17>', 'arima', 16.074936047809619]
['WC-3C<WC-3-14>', 'arima', 4.6996108516159607]
['WC-3C<WC-3-14>', 'ffnn', 149.69315789473686]
['E3-A2-2<E3-1-02>', 'ffnn', 81.385396805270517]
['WC-3C<WC-3-15>', 'arima', 26.121893021137751]
['E3-A2-3<E3-1-01>', 'arima', 86.475429171202265]
['T1-1C<T1-1C-11>', 'ffnn', 1.6319728463487913]
['W1-3C-6<W1-3-17>', 'ffnn', 14.380779456787321]
['W1-3C-7<W1-3-16>', 'arima', 17.716329951283775]
['T1-1D-10<T1-3-59>', 'arima', 0.65508202271752558]
['W1-3C-7<W1-3-16>', 'ffnn', 668.28947368421052]
['T1-1D-10<T1-3-59>', 'ffnn', 7.0142105263157903]
['T1-1D-11<T1-3-62>', 'arima', 0.35953418613389215]
['WC-3C<WC-3-15>', 'ffnn', 13.547185725661853]
['E3-A2-3<E3-1-01>', 'ffnn', 42.040159666043849]
['W1-3C-8<W1-3-15>', 'arima', 21.838196155848323]
['EC-1A<EC-1A-01>', 'arima', 1.4155449354992344]
['WC-3C<WC-3-16>', 'arima', 27.533483447631763]
['T1-1D-11<T1-3-62>', 'ffnn', 0.58190577563826518]
['W1-3C-8<W1-3-15>', 'ffnn', 2.3897054030178881]
['T1-1D-1<T1-1-08>', 'arima', 16.316476544052389]
['EC-1A<EC-1A-01>', 'ffnn', 1.3753926502923108]
['W1-3C-9<W1-3-14>', 'arima', 12.257733997783969]
['WC-3C<WC-3-16>', 'ffnn', 22.717709642799353]
['EC-1A<EC-1A-02>', 'arima', 0.17245227062306978]
['WC-3C<WC-3-17>', 'arima', 11.648443266430936]
['WC-3C<WC-3-17>', 'ffnn', 184.62736842105267]
['WC-3C<WC-3-18>', 'arima', 3.2077668554091923]
['T1-1D-1<T1-1-08>', 'ffnn', 11.972579160685532]
['W1-3C-9<W1-3-14>', 'ffnn', 12.568248914439348]
['EC-1A<EC-1A-02>', 'ffnn', 0.16466550000853653]
['W2-1A-1<W2-1-01>', 'arima', 4.0347155988430465]
['T1-1D-2<T1-1-10>', 'arima', 20.198699882820087]
['T1-1D-2<T1-1-10>', 'ffnn', 208.23578947368426]
['WC-3C<WC-3-18>', 'ffnn', 3.2837909216932086]
['EC-1A<EC-1A-03>', 'arima', 0.93300774512468065]
['T1-1D-3<T1-1-09>', 'arima', 33.478696184693611]
['WC-3D<WC-3-22>', 'arima', 8.4547293499067635]
['WC-3D<WC-3-22>', 'ffnn', 43.305263157894743]
['W2-1A-1<W2-1-01>', 'ffnn', 3.0339643439373507]
['WC-3D<WC-3-23>', 'arima', 0.92961974599421526]
['W2-1A-2<W2-1-02>', 'arima', 24.447936356011748]
['EC-1A<EC-1A-03>', 'ffnn', 0.89919472990899008]
['T1-1D-3<T1-1-09>', 'ffnn', 31.408431999338536]
['EC-1A<EC-1A-04>', 'arima', 0.036153878877552482]
['T1-1D-4<T1-1-03>', 'arima', 107.56032406619093]
['WC-3D<WC-3-23>', 'ffnn', 0.51176665775395047]
['W2-1A-2<W2-1-02>', 'ffnn', 16.440282929310428]
['WC-3D<WC-3D-03>', 'arima', 18.607033238362238]
['EC-1A<EC-1A-04>', 'ffnn', 0.061342625579359482]
['W2-1A-3<W2-1-03>', 'arima', 31.834150401590197]
['T1-1D-4<T1-1-03>', 'ffnn', 132.72763658455824]
['EC-1A<EC-1A-05>', 'arima', 0.00050211770187735046]
['WC-3D<WC-3D-03>', 'ffnn', 13.262179949482281]
['T1-1D-5<T1-1-02>', 'arima', 232.5194366250131]
['WC-3D<WC-3D-04>', 'arima', 14.06990163023606]
['W2-1A-3<W2-1-03>', 'ffnn', 32.241643580982043]
['EC-1A<EC-1A-05>', 'ffnn', 0.0013537714488229327]
['EC-1A<EC-1A-06>', 'arima', 0.066315789473684217]
['W2-1A-4<W2-1-04>', 'arima', 34.146190059526262]
['T1-1D-5<T1-1-02>', 'ffnn', 8.8735642645529822]
['WC-3D<WC-3D-04>', 'ffnn', 23.164609359810182]
['T1-1D-6<T1-1-01>', 'arima', 61.362664496765333]
['EC-1A<EC-1A-06>', 'ffnn', 0.065079471526451188]
['EC-1A<EC-1A-7>', 'arima', 0.89281736822860058]
['WC-3D<WC-3D-05>', 'arima', 4.6908893319472451]
['W2-1A-4<W2-1-04>', 'ffnn', 49.548705374513091]
['T1-1D-6<T1-1-01>', 'ffnn', 28.647051991459989]
['W2-1A-5<W2-1-05>', 'arima', 20.075319996544057]
['EC-1A<EC-1A-7>', 'ffnn', 0.57577757419597086]
['WC-3D<WC-3D-05>', 'ffnn', 3.5186420655415738]
['T1-1D-7<T1-1-04>', 'arima', 21.162283673909709]
['WC-3D<WC-3D-06>', 'arima', 24.843874970871415]
['EC-1B-1<EC-1-01>', 'arima', 7.7011208131103981]
['W2-1A-5<W2-1-05>', 'ffnn', 35.44526655602931]
['T1-1D-7<T1-1-04>', 'ffnn', 6.5810909580654577]
['WC-3D<WC-3D-06>', 'ffnn', 14.688609558497888]
['WC-3D<WC-3D-07>', 'arima', 5.2342813530552874]
['EC-1B-1<EC-1-01>', 'ffnn', 7.1041470051952071]
['W2-2B-1<W2-2-04>', 'arima', 5.2126307318284759]
['T1-1D-8<T1-1-05>', 'arima', 9.4429003341890851]
['EC-1C-1<EC-1-04>', 'arima', 8.1213108614578342]
['WC-3D<WC-3D-07>', 'ffnn', 5.3302568594896442]
['WC-3D<WC-3D-08>', 'arima', 6.5680411799966842]
['W2-2B-1<W2-2-04>', 'ffnn', 3.1995956474857925]
['T1-1D-8<T1-1-05>', 'ffnn', 5.7124987007036605]
['EC-1C-1<EC-1-04>', 'ffnn', 8.0508135307484352]
['W2-2B-2<W2-2-05>', 'arima', 22.749879613632377]
['T1-1D-9<T1-1-11>', 'arima', 10.731492108765247]
['EC-1C-2<EC-1-07>', 'arima', 2.1529090738636882]
['WC-3D<WC-3D-08>', 'ffnn', 5.6810700266622103]
['WC-3D<WC-3D-09>', 'arima', 4.861378336198837]
['WC-3D<WC-3D-09>', 'ffnn', 92.282105263155429]
['W2-2B-2<W2-2-05>', 'ffnn', 19.491319708084241]
['T1-1D-9<T1-1-11>', 'ffnn', 17.433356627998776]
['W2-2B-3<W2-2-06>', 'arima', 3.9693152621735708]
['EC-1C-2<EC-1-07>', 'ffnn', 0.72231779658282813]
['T1-1D<T1-1D-12>', 'arima', 14.073171315327428]
['WC-3E<WC-3-24>', 'arima', 0.79478100895426307]
['EC-1C-3<EC-1-10>', 'arima', 1.0820659914126936]
['W2-2B-3<W2-2-06>', 'ffnn', 2.9635378050232681]
['T1-1D<T1-1D-12>', 'ffnn', 7.4799662337213855]
['WC-3E<WC-3-24>', 'ffnn', 0.47840343784811479]
['EC-1C-3<EC-1-10>', 'ffnn', 1.219417545308124]
['W2-2B-4<W2-2-07>', 'arima', 1.5285650604849361]
['T1-1D<T1-1D-13>', 'arima', 4.717833645645011]
['WC-3E<WC-3-25>', 'arima', 0.98474763996098735]
['EC-1C-4<EC-1-11>', 'arima', 1.2186927453387775]
['WC-3E<WC-3-25>', 'ffnn', 20.231411048127438]
['EC-1C-4<EC-1-11>', 'ffnn', 40.647774354108037]
['WC-3E<WC-3-26>', 'arima', 0.90483164477085021]
['EC-1D-11<EC-2-10>', 'arima', 0.17631505647188109]
['W2-2B-4<W2-2-07>', 'ffnn', 1.8703496246879781]
['T1-1D<T1-1D-13>', 'ffnn', 4.7835611170871619]
['W2-2B-5<W2-2-08>', 'arima', 0.86700348626248236]
['WC-3E<WC-3-26>', 'ffnn', 0.60126106789183176]
['EC-1D-11<EC-2-10>', 'ffnn', 0.22020289338823046]
['T1-1E-10<T1-3-68>', 'arima', 6.52255078994299]
['T1-1E-10<T1-3-68>', 'ffnn', 305.63894736842104]
['WC-3E<WC-3-27>', 'arima', 0.25545911826219819]
['EC-1D-12<EC-2-11>', 'arima', 0.74384090649337076]
['T1-1E-11<T1-3-73>', 'arima', 0.77839998291226264]
['T1-1E-11<T1-3-73>', 'ffnn', 22.311693180488827]
['W2-2B-5<W2-2-08>', 'ffnn', 0.5993234114523398]
['W2-2C-1<W2-2-01>', 'arima', 7.3967107216586214]
['W2-2C-1<W2-2-01>', 'ffnn', 144.56526315789475]
['T1-1E-12<T1-3-66>', 'arima', 0.15303744868921174]
['T1-1E-12<T1-3-66>', 'ffnn', 4.71]
['EC-1D-12<EC-2-11>', 'ffnn', 0.31767309667995053]
['WC-3E<WC-3-27>', 'ffnn', 0.22067746399267441]
['W2-2C-1<W2-2-09>', 'arima', 0.64647320079544313]
['T1-1E-13<T1-3-72>', 'arima', 0.60443335278136079]
['WC-3E<WC-3E-05>', 'arima', 3.387890360403583]
['WC-3E<WC-3E-05>', 'ffnn', 27.52578947368421]
['EC-1D-13<EC-2-12>', 'arima', 1.5293259565452406]
['EC-1D-13<EC-2-12>', 'ffnn', 6.9031578947368404]
['WC-3E<WC-3E-06>', 'arima', 3.1455452624226234]
['WC-3E<WC-3E-06>', 'ffnn', 51.251052631578958]
['W2-2C-1<W2-2-09>', 'ffnn', 0.61726503432652913]
['T1-1E-13<T1-3-72>', 'ffnn', 0.62703747259234122]
['EC-1D-14<EC-2-13>', 'arima', 1.3201415254879503]
['W2-2C-2<W2-2-02>', 'arima', 37.85034320344414]
['W2-2C-2<W2-2-02>', 'ffnn', 91.286959481831403]
['WC-3E<WC-3E-07>', 'arima', 0.57523849515714998]
['T1-1E-14', 'arima', 4.867461100251318]
['W2-2C-2<W2-2-10>', 'arima', 4.6161778334927028]
['EC-1D-14<EC-2-13>', 'ffnn', 1.7746207181186253]
['EC-1D-1<EC-1-13>', 'arima', 1.261782685971393]
['WC-3E<WC-3E-07>', 'ffnn', 0.50644252965553527]
['WC-3E<WC-3E-08>', 'arima', 1.0649396687062496]
['T1-1E-14', 'ffnn', 5.1296997474374084]
['W2-2C-2<W2-2-10>', 'ffnn', 2.3253512983159368]
['T1-1E-1<T1-1-23>', 'arima', 7.4694361006314667]
['T1-1E-1<T1-1-23>', 'ffnn', 89.80263157894737]
['W2-2C-3<W2-2-03>', 'arima', 6.2886090198887059]
['EC-1D-1<EC-1-13>', 'ffnn', 1.3522709191494806]
['T1-1E-2<T1-1-14>', 'arima', 30.487339786027967]
['T1-1E-2<T1-1-14>', 'ffnn', 1087.3810526315788]
['WC-3E<WC-3E-08>', 'ffnn', 1.2570953122067434]
['T1-1E-3<T1-1-15>', 'arima', 5.3438983666524145]
['EC-1D-3<EC-1-05>', 'arima', 4.7167578288159504]
['W2-2C-3<W2-2-03>', 'ffnn', 4.2738384872494954]
['W2-2C-3<W2-2-11>', 'arima', 0.092000903708357326]
['W2-2C-3<W2-2-11>', 'ffnn', 24.742105263157892]
['WC-3E<WC-3E-13>', 'arima', 1.197040786783272]
['T1-1E-3<T1-1-15>', 'ffnn', 2.6422707369807137]
['EC-1D-3<EC-1-05>', 'ffnn', 3.2548774775605374]
['T1-1E-4<T1-1-16>', 'arima', 5.2192895563134929]
['EC-1D-3<EC-1-08>', 'arima', 1.1892617970991972]
['W2-3A-10<W2-3-10>', 'arima', 5.7303936944234319]
['W2-3A-10<W2-3-10>', 'ffnn', 67.836315789473687]
['W2-3A-11<W2-3-11>', 'arima', 23.357975318145137]
['WC-3E<WC-3E-13>', 'ffnn', 1.0650242030378423]
['WC-3E<Wc-3E-10>', 'arima', 0.038421055635270714]
['T1-1E-4<T1-1-16>', 'ffnn', 3.5467236650182126]
['EC-1D-3<EC-1-08>', 'ffnn', 2.3400686984159225]
['T1-1E-5<T1-1-13>', 'arima', 46.237524177727046]
['W2-3A-11<W2-3-11>', 'ffnn', 6.4008394254227374]
['EC-1D-4<EC-1-03>', 'arima', 15.9534851350052]
['WC-3E<Wc-3E-10>', 'ffnn', 0.042158419834128248]
['W2-3A-12<W2-3-12>', 'arima', 9.4169944145332209]
['WC-3E<Wc-3E-12>', 'arima', 8.1993325064920572e-09]
['T1-1E-5<T1-1-13>', 'ffnn', 38.334402249518938]
['EC-1D-4<EC-1-03>', 'ffnn', 10.164793599973667]
['T1-1E-9<T1-3-74>', 'arima', 1.97382109365283]
['T1-1E-9<T1-3-74>', 'ffnn', 14.315263157894734]
['W2-3A-12<W2-3-12>', 'ffnn', 7.6788990618248496]
['T1-1F-10<T1-1-28>', 'arima', 1.00821242047059]
['T1-1F-10<T1-1-28>', 'ffnn', 18.676842105263162]
['WC-3E<Wc-3E-12>', 'ffnn', 0.00025289240107177844]
['W2-3A-13<W2-3-13>', 'arima', 19.196286788973044]
['WC-3F<WC-1-08>', 'arima', 0.55257566703960193]
['EC-1D-5<EC-1-09>', 'arima', 2.2619974461439236]
['T1-1F-11<T1-1-27>', 'arima', 1.9775106919564234]
['T1-1F-11<T1-1-27>', 'ffnn', 82.166315789473671]
['T1-1F-12<T1-3-76>', 'arima', 2.3610995934851466]
['W2-3A-13<W2-3-13>', 'ffnn', 13.980774465554347]
['W2-3A-1<W2-3-01>', 'arima', 1.8719617578019465]
['WC-3F<WC-1-08>', 'ffnn', 1.208751615147986]
['EC-1D-5<EC-1-09>', 'ffnn', 1.1741336699901048]
['WC-3F<WC-1-09>', 'arima', 6.5494584095489117]
['T1-1F-12<T1-3-76>', 'ffnn', 0.8620692720123615]
['T1-1F-1<T1-1-37>', 'arima', 1.4265805432027254]
['EC-1D-6<EC-1-06>', 'arima', 8.2543330812446047]
['EC-1D-6<EC-1-06>', 'ffnn', 291.8347368421052]
['EC-1D-7<EC-1-02>', 'arima', 13.529102614286312]
['W2-3A-1<W2-3-01>', 'ffnn', 2.3092261265594711]
['W2-3A-2<W2-3-02>', 'arima', 9.3121740130656168]
['WC-3F<WC-1-09>', 'ffnn', 3.617062546460859]
['T1-1F-1<T1-1-37>', 'ffnn', 0.9405857612009999]
['WC-3F<WC-1-10>', 'arima', 1.4688421177173263]
['EC-1D-7<EC-1-02>', 'ffnn', 14.764261694593069]
['T1-1F-20<T1-3-23>', 'arima', 1.5171800306215033]
['EC-1D-8<EC-2-09>', 'arima', 0.70412977712406477]
['W2-3A-2<W2-3-02>', 'ffnn', 6.3907851045247748]
['WC-3F<WC-1-10>', 'ffnn', 4.8193682540184257]
['W2-3A-3<W2-3-03>', 'arima', 4.5506853294975231]
['W2-3A-3<W2-3-03>', 'ffnn', 117.67947368421052]
['T1-1F-20<T1-3-23>', 'ffnn', 0.62983099493495631]
['WC-3F<WC-1-11>', 'arima', 2.8541440017359592]
['EC-1D-8<EC-2-09>', 'ffnn', 0.61807654126371159]
['T1-1F-20<T1-3-77>', 'arima', 3.4460989072207844]
['W2-3A-4<W2-3-04>', 'arima', 15.4550842768171]
['EC-1D-9<EC-2-08>', 'arima', 0.22565159531054244]
['WC-3F<WC-1-11>', 'ffnn', 2.9057250345111414]
['T1-1F-20<T1-3-77>', 'ffnn', 2.1418607020868365]
['W2-3A-4<W2-3-04>', 'ffnn', 8.7704858250663023]
['T1-1F-23<T1-3-82>', 'arima', 1.4804806959630199]
['EC-1D-9<EC-2-08>', 'ffnn', 0.11994705219832529]
['WC-3F<WC-1-12>', 'arima', 1.052807381673138]
['EC-1G-1<EC-1-28>', 'arima', 16.673361370256533]
['W2-3A-5<W2-3-05>', 'arima', 26.198983499192547]
['T1-1F-23<T1-3-82>', 'ffnn', 1.1931662615779568]
['WC-3F<WC-1-12>', 'ffnn', 1.1045498558569091]
['EC-1G-1<EC-1-28>', 'ffnn', 10.304445375395982]
['W2-3A-5<W2-3-05>', 'ffnn', 16.611789575277896]
['T1-1F-2<T1-1-38>', 'arima', 7.9327980799625646]
['EC-1G-2<EC-1-25>', 'arima', 1014.3749785827864]
['WC-3F<WC-1-13>', 'arima', 2.8076797425165574]
['W2-3A-6<W2-3-06>', 'arima', 3.4746750024695037]
['T1-1F-2<T1-1-38>', 'ffnn', 4.5373859398040892]
['EC-1G-2<EC-1-25>', 'ffnn', 38.951422195138612]
['WC-3F<WC-1-13>', 'ffnn', 1.2460169715487703]
['EC-1G-3<EC-1-29>', 'arima', 0.85612157734806482]
['T1-1F-3<T1-1-40>', 'arima', 15.621180504952708]
['W2-3A-6<W2-3-06>', 'ffnn', 2.4579564179776328]
['WC-3F<WC-1-14>', 'arima', 1.7785241829738128]
['WC-3F<WC-1-14>', 'ffnn', 246.38526315789471]
['WC-3F<WC-2-24>', 'arima', 0.20156767302528236]
['W2-3A-7<W2-3-07>', 'arima', 3.2918914968274717]
['EC-1G-3<EC-1-29>', 'ffnn', 1.0620565990024073]
['T1-1F-3<T1-1-40>', 'ffnn', 5.0027406573770596]
['EC-1G-4<EC-1-30>', 'arima', 1.8265314119354268]
['WC-3F<WC-2-24>', 'ffnn', 0.14143568109825225]
['W2-3A-7<W2-3-07>', 'ffnn', 7.263267520339201]
['T1-1F-4<T1-1-41>', 'arima', 4.5908750962532672]
['T1-1F-4<T1-1-41>', 'ffnn', 45.925789473684219]
['W2-3A-8<W2-3-08>', 'arima', 0.34148787650788759]
['WC-3F<WC-2-25>', 'arima', 0.042485064913259603]
['T1-1F-5<T1-1-42>', 'arima', 0.082397903373020123]
['EC-1G-4<EC-1-30>', 'ffnn', 1.6623327322823755]
['EC-1I<EC-1I-02>', 'arima', 0.0031578947368421065]
['W2-3A-8<W2-3-08>', 'ffnn', 0.46410809893544885]
['W2-3A-9<W2-3-09>', 'arima', 14.176023573337094]
['WC-3F<WC-2-25>', 'ffnn', 0.19259808668044495]
['T1-1F-5<T1-1-42>', 'ffnn', 0.10129296615769723]
['WC-3F<WC-2-26>', 'arima', 0.61438221713055519]
['EC-1I<EC-1I-02>', 'ffnn', 0.0030110582253085431]
['W2-3A-9<W2-3-09>', 'ffnn', 11.133636845288004]
['T1-1F-6<T1-1-44>', 'arima', 0.095433768207879632]
['EC-1I<EC-1I-03>', 'arima', 0.083684210526315805]
['WC-3F<WC-2-26>', 'ffnn', 0.37017644850718018]
['W2-3B-10<W2-3-23>', 'arima', 14.86584598816191]
['WC-3F<WC-2-27>', 'arima', 0.96331249340320357]
['T1-1F-6<T1-1-44>', 'ffnn', 0.053939222347696519]
['EC-1I<EC-1I-03>', 'ffnn', 0.082547522470803769]
['W2-3B-10<W2-3-23>', 'ffnn', 8.7163602424510245]
['T1-1F-7<T1-1-39>', 'arima', 0.82288662821703629]
['EC-1I<EC-1I-04>', 'arima', 0.2464855855984206]
['WC-3F<WC-2-27>', 'ffnn', 1.0985271286459188]
['W2-3B-11<W2-3-24>', 'arima', 7.1394853710405988]
['W2-3B-11<W2-3-24>', 'ffnn', 126.22526315789474]
['W2-3B-12<W2-3-25>', 'arima', 28.677495277613204]
['WC-3F<WC-2-28>', 'arima', 1.135145885052665]
['EC-1I<EC-1I-04>', 'ffnn', 0.19719737780681076]
['T1-1F-7<T1-1-39>', 'ffnn', 1.3152302177089938]
['T1-1F-8<T1-1-26>', 'arima', 0.86656814174607477]
['EC-1I<EC-1I-05>', 'arima', 0.22633024667372853]
['W2-3B-12<W2-3-25>', 'ffnn', 17.901630580246355]
['WC-3F<WC-2-28>', 'ffnn', 1.0583369031923024]
['WC-3F<WC-3-28>', 'arima', 0.52049001731738043]
['W2-3B-13<W2-3-26>', 'arima', 20.979138532925781]
['T1-1F-8<T1-1-26>', 'ffnn', 0.41121719122194145]
['EC-1I<EC-1I-05>', 'ffnn', 0.10833912544685238]
['T1-1F-9<T1-1-29>', 'arima', 5.4269286365710094]
['T1-1F-9<T1-1-29>', 'ffnn', 270.59027130420407]
['T1-1F<T1-1F-20>', 'arima', 54.950114246607534]
['T1-1F<T1-1F-20>', 'ffnn', 276.58473684210526]
['EC-1I<EC-1I-06>', 'arima', 0.012631812629323473]
['T1-1G-1<T1-1-48>', 'arima', 3.0875884577785904]
['T1-1G-1<T1-1-48>', 'ffnn', 93.137894736842114]
['WC-3F<WC-3-28>', 'ffnn', 0.74630904797971831]
['W2-3B-13<W2-3-26>', 'ffnn', 16.623710463715867]
['W2-3B-1<W2-3-14>', 'arima', 4.1545079780716305]
['T1-1G-2<T1-1-47>', 'arima', 6.2245165036367318]
['WC-3F<WC-3-29>', 'arima', 0.25413440941350673]
['WC-3F<WC-3-29>', 'ffnn', 13.06421052631579]
['WC-3F<WC-3-30>', 'arima', 0.10973544855128554]
['EC-1I<EC-1I-06>', 'ffnn', 0.012492270260463928]
['W2-3B-1<W2-3-14>', 'ffnn', 1.5643831227998499]
['T1-1G-2<T1-1-47>', 'ffnn', 4.1071952333732096]
['EC-1I<EC-1I-07>', 'arima', 0.0090494765683225564]
['EC-1I<EC-1I-07>', 'ffnn', 11.246842105263159]
['W2-3B-2<W2-3-15>', 'arima', 3.6125092209268925]
['T1-1G-3<T1-1-46>', 'arima', 1.1195937671554497]
['T1-1G-3<T1-1-46>', 'ffnn', 59.51736842105263]
['WC-3F<WC-3-30>', 'ffnn', 0.084077575459131304]
['EC-1I<EC-1I-08>', 'arima', 1.0582798176434243]
['EC-1I<EC-1I-08>', 'ffnn', 11.235789473684212]
['T1-1G-5<T1-3-42>', 'arima', 0.52195239674884719]
['WC-3F<WC-3-31>', 'arima', 0.17903503682667007]
['WC-3F<WC-3-31>', 'ffnn', 15.444210526315789]
['EC-1I<EC-1I-09>', 'arima', 2.4121531479938318e-157]
['WC-3F<WC-3-32>', 'arima', 2.1854263161505805]
['W2-3B-2<W2-3-15>', 'ffnn', 4.0370231455871304]
['EC-1I<EC-1I-09>', 'ffnn', 2.5707192358737086e-05]
['EC-1I<EC-1I-10>', 'arima', 1.8241171760105523]
['T1-1G-5<T1-3-42>', 'ffnn', 0.5174930582458338]
['W2-3B-3<W2-3-16>', 'arima', 10.51238141804223]
['W2-3B-3<W2-3-16>', 'ffnn', 155.46578947365637]
['T1-1G-7<T1-3-89>', 'arima', 0.30497901546026568]
['T1-1G-7<T1-3-89>', 'ffnn', 5.1763157894736835]
['WC-3F<WC-3-32>', 'ffnn', 0.92597040662818542]
['W2-3B-4<W2-3-17>', 'arima', 35.58835161561656]
['T1-1G-8<T1-3-84>', 'arima', 0.60906299611253634]
['WC-3F<WC-3-33>', 'arima', 0.99829754023601269]
['WC-3F<WC-3-33>', 'ffnn', 116.51368421052632]
['EC-1I<EC-1I-10>', 'ffnn', 1.7547684215356174]
['EC-1I<EC-1I-11>', 'arima', 0.10831991212365076]
['EC-1I<EC-1I-11>', 'ffnn', 22.42526315789474]
['WC-3F<WC-3-34>', 'arima', 1.080708300960175]
['EC-1I<EC-1I-12>', 'arima', 0.19004641712776832]
['W2-3B-4<W2-3-17>', 'ffnn', 16.048368634154603]
['T1-1G-8<T1-3-84>', 'ffnn', 0.32962527232937977]
['W2-3B-5<W2-3-18>', 'arima', 29.814065449748831]
['W2-3B-5<W2-3-18>', 'ffnn', 862.0078947368421]
['T1-1H-1<T1-1-24>', 'arima', 5.9751484091413376]
['WC-3F<WC-3-34>', 'ffnn', 2.5044625688545055]
['EC-1I<EC-1I-12>', 'ffnn', 0.65195138519860796]
['W2-3B-6<W2-3-19>', 'arima', 36.775080511461582]
['EC-1I<EC-1I-13>', 'arima', 0.85054679459008997]
['EC-1I<EC-1I-13>', 'ffnn', 10.388947368421054]
['WC-3F<WC-3-35>', 'arima', 3.8778480593943474]
['WC-3F<WC-3-35>', 'ffnn', 68.650000000000006]
['EC-1I<EC-1I-14>', 'arima', 0.49586506599924401]
['T1-1H-1<T1-1-24>', 'ffnn', 8.7750081282070891]
['WC-3F<WC-3-36>', 'arima', 5.2268665567096297]
['W2-3B-6<W2-3-19>', 'ffnn', 25.227547962608128]
['T1-1H-2<T1-1-25>', 'arima', 15.579970068486025]
['T1-1H-2<T1-1-25>', 'ffnn', 280.22210526315786]
['W2-3B-7<W2-3-20>', 'arima', 24.028147452182179]
['W2-3B-7<W2-3-20>', 'ffnn', 165.75473684210527]
['EC-1I<EC-1I-14>', 'ffnn', 0.73296576742080877]
['W2-3B-8<W2-3-21>', 'arima', 7.5702233822481668]
['T1-1H-3<T1-1-34>', 'arima', 2.3631015339141039]
['WC-3F<WC-3-36>', 'ffnn', 5.8549556517499068]
['EC-1I<EC-1I-15>', 'arima', 2.2814942215338396]
['WC-3F<WC-3-37>', 'arima', 4.1834074604435969]
['W2-3B-8<W2-3-21>', 'ffnn', 5.0020642511728388]
['T1-1H-3<T1-1-34>', 'ffnn', 8.0250482007662249]
['EC-1I<EC-1I-15>', 'ffnn', 1.5195269955462627]
['W2-3B-9<W2-3-22>', 'arima', 13.580715346268283]
['W2-3B-9<W2-3-22>', 'ffnn', 160.61578947368423]
['T1-1H-4<T1-1-35>', 'arima', 1.9412662673277743]
['WC-3F<WC-3-37>', 'ffnn', 2.0464818088468344]
['EC-1I<EC-1I-1>', 'arima', 0.90477396718872971]
['EC-1I<EC-1I-1>', 'ffnn', 42.182631578947372]
['W3-1A-1<W3-1-01>', 'arima', 646.66426142815828]
['WC-3G<WC-3-38>', 'arima', 1.5273961703009917]
['EC-2-07<EC-1D-10>', 'arima', 0.82199103243856242]
['WC-3G<WC-3-38>', 'ffnn', 26.297894736842103]
['T1-1H-4<T1-1-35>', 'ffnn', 2.5616156191397668]
['W3-1A-1<W3-1-01>', 'ffnn', 115.1119794350069]
['WC-3G<WC-3G-01>', 'arima', 0.95137220297991099]
['T1-1H-5<T1-1-36>', 'arima', 0.28832277548875279]
['EC-2-07<EC-1D-10>', 'ffnn', 1.2039868994509491]
['W3-1A-2<W3-1-02>', 'arima', 88.132732067981195]
['EC-2-19<EC-2C-6>', 'arima', 0.76444941154077739]
['WC-3G<WC-3G-01>', 'ffnn', 1.7019447522966342]
['T1-1H-5<T1-1-36>', 'ffnn', 0.13180480556839483]
['WC-3G<WC-3G-03>', 'arima', 0.70700355580201557]
['W3-1A-2<W3-1-02>', 'ffnn', 59.250316481579091]
['T1-1H-5<T1-1-45>', 'arima', 29.731247909436984]
['EC-2-19<EC-2C-6>', 'ffnn', 0.58578941605478607]
['EC-2A-1<EC-2-01>', 'arima', 10.395976506733236]
['W3-1A-3<W3-1-03>', 'arima', 37.237426035135762]
['W3-1A-3<W3-1-03>', 'ffnn', 1143.8031578947368]
['WC-3G<WC-3G-03>', 'ffnn', 0.76702641800029525]
['T1-1H-5<T1-1-45>', 'ffnn', 6.2767944741684278]
['WC-3G<WC-3G-04>', 'arima', 0.91146846248835989]
['EC-2A-1<EC-2-01>', 'ffnn', 1.2551273319870422]
['W3-1A-4<W3-1-04>', 'arima', 4.8276424601068184]
['EC-2A-2<EC-2-02>', 'arima', 33.073248681868876]
['T1-1H-6<T1-1-43>', 'arima', 2.3141734990226506]
['T1-1H-6<T1-1-43>', 'ffnn', 43.564736842105269]
['WC-3G<WC-3G-04>', 'ffnn', 0.74817668534049142]
['W3-1A-4<W3-1-04>', 'ffnn', 19.625667677474251]
['T1-1H-8<T1-3-87>', 'arima', 20.278594204681944]
['T1-1H-8<T1-3-87>', 'ffnn', 73.039473684210535]
['EC-2A-2<EC-2-02>', 'ffnn', 37.226511168997774]
['T1-1H-9<T1-3-86>', 'arima', 0.69187980482842559]
['T1-1H-9<T1-3-86>', 'ffnn', 25.406842105263163]
['WC-3G<WC-3G-05>', 'arima', 8.657030320355819]
['EC-2A-3<EC-2-03>', 'arima', 3.8104161231865903]
['EC-2A-3<EC-2-03>', 'ffnn', 2436.4188279508394]
['W3-2A-1<W3-2-04>', 'arima', 3.5045412659548596]
['EC-2A-4<EC-2-04>', 'arima', 6.6024019746627314]
['EC-2A-4<EC-2-04>', 'ffnn', 602.03315789473686]
['WC-3G<WC-3G-05>', 'ffnn', 7.4342420279468886]
['EC-2A-5<EC-2-05>', 'arima', 31.905705944920015]
['WC-3G<WC-3G-06>', 'arima', 24.134470805002284]
['WC-3G<WC-3G-06>', 'ffnn', 641.37105263157889]
['WC-3G<WC-3G-07>', 'arima', 5.3477288622886391e-07]
['W3-2A-1<W3-2-04>', 'ffnn', 5.0850195084293448]
['EC-2A-5<EC-2-05>', 'ffnn', 22.343560240871007]
['W3-2A-2<W3-2-05>', 'arima', 21.826626043208279]
['WC-3G<WC-3G-07>', 'ffnn', 0.00086775179687140181]
['WC-3G<WC-3G-08>', 'arima', 0.24025006888857003]
['W3-2A-2<W3-2-05>', 'ffnn', 21.960036987702935]
['W3-2A-3<W3-2-06>', 'arima', 5.6916781349801262]
['WC-3G<WC-3G-08>', 'ffnn', 0.18803593837179439]
['WC-3G<WC-3G-09>', 'arima', 0.19094855819155496]
['W3-2A-3<W3-2-06>', 'ffnn', 5.920535393652437]
['W3-2A-4<W3-2-07>', 'arima', 3.1632594057491636]
['W3-2A-4<W3-2-07>', 'ffnn', 45.157368421052624]
['W3-2A-5<W3-2-08>', 'arima', 0.14462382750317093]
['W3-2A-5<W3-2-08>', 'ffnn', 8.6805680280431456]
['WC-3G<WC-3G-09>', 'ffnn', 0.20505580821721461]
['W3-2B-1<W3-2-01>', 'arima', 2.8658679746254281]
['W3-2B-1<W3-2-01>', 'ffnn', 144.23368421052635]
['W3-2B-2<W3-2-02>', 'arima', 0.53048914712078099]
['EC-2A-6<EC-2-06>', 'arima', 19.291967766073952]
['T1-1H<T1-1H-5>', 'arima', 12.41181759927948]
['E1-1A-1<E1-1-01>', 'arima', 17.255206700128653]
['W3-2B-2<W3-2-02>', 'ffnn', 0.61799137165559548]
['EC-2A-6<EC-2-06>', 'ffnn', 17.330216129793605]
['T1-1H<T1-1H-5>', 'ffnn', 5.5007299427527947]
['EC-2C-10<EC-1-18>', 'arima', 0.81383155947099584]
['W3-2B-3<W3-2-03>', 'arima', 4.7680784557709002]
['E1-1A-1<E1-1-01>', 'ffnn', 37.316555142518659]
['T1-3A-12<T1-3-03>', 'arima', 29.824821994101619]
['E1-1A-2<E1-1-02>', 'arima', 16.734710621275308]
['EC-2C-10<EC-1-18>', 'ffnn', 0.82578748364497867]
['W3-2B-3<W3-2-03>', 'ffnn', 7.7321578366405479]
['EC-2C-11<EC-1-20>', 'arima', 6.1964035911243824]
['T1-3A-12<T1-3-03>', 'ffnn', 13.2558338752597]
